,id,ini_timestamp,feat_orig_pkts_mean,feat_resp_pkts_mean,feat_orig_bytes_mean,feat_resp_bytes_mean,feat_mean_duration,feat_conn_state_dns_ratio,feat_conn_state_http_ratio,feat_conn_state_ssl_ratio,feat_conn_state_dhcp_ratio,feat_conn_state_unk_ratio,feat_conn_state_irc_ratio,feat_method_dns_ratio,feat_method_http_ratio,feat_method_ssl_ratio,feat_method_dhcp_ratio,feat_method_unk_ratio,feat_method_irc_ratio,feat_proto_tcp_ratio,feat_proto_udp_ratio,feat_proto_icmp_ratio,feat_private_conn_ratio,label,detailed_label
688,192.168.1.132,2018-10-25 12:20:37.400158976,1.0,1.0,76.0,76.0,0.270332,0.0,0.0,0.0,0.0,0.0,0.0,0.0,0.0,0.0,0.0,0.0,0.0,0.0,1.0,0.0,1,Bening,Benign
277,192.168.1.195,2019-09-20 17:40:41.665906944,2.0,2.0,152.0,152.0,0.007746,0.0,0.0,0.0,0.0,0.0,0.0,0.0,0.0,0.0,0.0,0.0,0.0,0.0,1.0,0.0,1,Bening,Benign
744,192.168.1.132,2018-10-25 17:08:37.400158976,1.0,1.0,76.0,76.0,0.016972,0.0,0.0,0.0,0.0,0.0,0.0,0.0,0.0,0.0,0.0,0.0,0.0,0.0,1.0,0.0,1,Bening,Benign
317,192.168.1.195,2019-09-20 20:14:41.665906944,2.0,2.0,152.0,152.0,0.0053705,0.0,0.0,0.0,0.0,0.0,0.0,0.0,0.0,0.0,0.0,0.0,0.0,0.0,1.0,0.0,2,Bening,Benign
427,192.168.1.200,2019-02-28 19:27:33.981529856,3.9863352976342985,0.0030745580322828594,239.14732257238023,0.16124348791527884,1.5815346302843967,0.0,0.0,0.0,8.540438978563499e-05,8.540438978563499e-05,0.0,0.0,0.0,0.0,0.0,0.0,0.0,0.999316764881715,0.0006832351182850799,0.0,11709,Malicious,PartOfAHorizontalPortScan
659,192.168.1.200,2019-03-01 03:11:33.981529856,4.026128890837352,0.003156510302498904,241.58456817185444,0.1515124945199474,1.5797990320035074,0.0,0.0,0.0,0.0,0.0,0.0,0.0,0.0,0.0,0.0,0.0,0.0,0.9994739149495835,0.000526085050416484,0.0,11405,Malicious,PartOfAHorizontalPortScan
734,192.168.1.132,2018-10-25 16:08:37.400158976,1.0,1.0,76.0,76.0,0.272087,0.0,0.0,0.0,0.0,0.0,0.0,0.0,0.0,0.0,0.0,0.0,0.0,0.0,1.0,0.0,1,Bening,Benign
579,192.168.1.200,2019-03-01 00:31:33.981529856,4.001367872103958,0.0056424724288279045,240.10771992818673,0.25698897153116185,1.5632872272377534,0.0,8.54920064973925e-05,0.0,0.0,0.0,0.0,0.0,0.0,0.0,0.0,0.0,0.0,0.9997435239805078,0.00025647601949217746,0.0,11697,Malicious,PartOfAHorizontalPortScan
932,192.168.2.3,2018-09-21 11:58:22.965529856,3.3636363636363638,2.8181818181818183,256.90909090909093,348.09090909090907,27.341551818181816,0.0,0.0,0.0,0.0,0.0,0.0,0.0,0.0,0.0,0.0,0.0,0.0,0.36363636363636365,0.5454545454545454,0.09090909090909091,11,Bening,Benign
369,192.168.1.195,2019-09-20 23:26:41.665906944,2.0,2.0,152.0,152.0,0.005499,0.0,0.0,0.0,0.0,0.0,0.0,0.0,0.0,0.0,0.0,0.0,0.0,0.0,1.0,0.0,1,Bening,Benign
791,192.168.1.132,2018-10-25 23:30:37.400158976,2.5,1.5,117.0,208.5,0.106575,0.0,0.0,0.0,0.0,0.0,0.0,0.0,0.0,0.0,0.0,0.0,0.0,0.5,0.5,0.0,2,Bening,Benign
419,192.168.1.200,2019-02-28 19:11:33.981529856,3.974442538593482,0.007204116638078902,238.49056603773585,0.40823327615780447,1.5426934738421956,0.0,0.0,0.0,0.0,0.0,0.0,0.0,0.0,0.0,0.0,0.0,0.0,0.9990566037735849,0.0009433962264150943,0.0,11660,Malicious,PartOfAHorizontalPortScan
561,192.168.1.200,2019-02-28 23:55:33.981529856,4.009380063102243,0.009550609704101647,240.4553594269634,0.5408032744947557,1.5711439811546006,0.0,0.00017054660185895795,8.527330092947898e-05,0.0,0.0,0.0,0.0,0.0,0.0,0.0,0.0,0.0,0.9996589067962821,0.0003410932037179159,0.0,11727,Malicious,PartOfAHorizontalPortScan
127,192.168.1.195,2019-09-20 07:36:41.665906944,2.0,0.0,152.0,0.0,4e-06,0.0,0.0,0.0,0.0,0.0,0.0,0.0,0.0,0.0,0.0,0.0,0.0,0.0,1.0,0.0,1,Bening,Benign
649,192.168.1.200,2019-03-01 02:51:33.981529856,3.993380855397149,0.0033944331296673455,239.6001357773252,0.1670061099796334,1.5706726676001357,0.0,0.0,0.0,0.0,8.486082824168364e-05,0.0,0.0,0.0,0.0,0.0,0.0,0.0,0.9996605566870332,0.00033944331296673454,0.0,11784,Malicious,PartOfAHorizontalPortScan
693,192.168.1.132,2018-10-25 12:36:37.400158976,1.0,1.0,76.0,76.0,0.270346,0.0,0.0,0.0,0.0,0.0,0.0,0.0,0.0,0.0,0.0,0.0,0.0,0.0,1.0,0.0,1,Bening,Benign
112,192.168.1.195,2019-09-20 06:46:41.665906944,2.0,1.0,152.0,76.0,0.002753,0.0,0.0,0.0,0.0,0.0,0.0,0.0,0.0,0.0,0.0,0.0,0.0,0.0,1.0,0.0,2,Bening,Benign
106,192.168.1.195,2019-09-20 06:26:41.665906944,2.0,0.0,152.0,0.0,4e-06,0.0,0.0,0.0,0.0,0.0,0.0,0.0,0.0,0.0,0.0,0.0,0.0,0.0,1.0,0.0,1,Bening,Benign
2,192.168.1.195,2019-09-20 00:44:41.665906944,8.857142857142858,7.142857142857143,1369.142857142857,484.57142857142856,1.5871707142857143,0.0,0.0,0.8571428571428571,0.0,0.0,0.0,0.0,0.0,0.0,0.0,0.0,0.0,0.8571428571428571,0.14285714285714285,0.0,7,Malicious,C&C-HeartBeat
894,192.168.2.3,2018-09-21 10:42:22.965529856,5.888888888888889,6.111111111111111,395.6666666666667,4438.388888888889,33.52463616666667,0.2777777777777778,0.05555555555555555,0.05555555555555555,0.0,0.0,0.0,0.0,0.0,0.0,0.0,0.0,0.0,0.6666666666666666,0.2777777777777778,0.05555555555555555,18,Bening,Benign
257,192.168.1.195,2019-09-20 16:28:41.665906944,2.0,2.0,152.0,152.0,0.007746,0.0,0.0,0.0,0.0,0.0,0.0,0.0,0.0,0.0,0.0,0.0,0.0,0.0,1.0,0.0,1,Bening,Benign
532,192.168.1.200,2019-02-28 22:57:33.981529856,4.0956614509246085,0.0021337126600284497,245.75675675675674,0.11948790896159317,1.6361414083392603,0.0,0.0,0.0,0.0,0.0,0.0,0.0,0.0,0.0,0.0,0.0,0.0,0.9994665718349929,0.0005334281650071124,0.0,11248,Malicious,PartOfAHorizontalPortScan
45,192.168.1.195,2019-09-20 03:02:41.665906944,2.0,0.0,152.0,0.0,3e-06,0.0,0.0,0.0,0.0,0.0,0.0,0.0,0.0,0.0,0.0,0.0,0.0,0.0,1.0,0.0,1,Bening,Benign
951,0.0.0.0,2018-09-21 12:36:22.965529856,10.0,0.0,3280.0,0.0,58.72503,0.0,0.0,0.0,0.0,0.0,0.0,0.0,0.0,0.0,0.0,0.0,0.0,0.0,1.0,0.0,1,Bening,Benign
619,192.168.1.200,2019-03-01 01:51:33.981529856,4.007106950944705,0.005893569076096377,240.47165886635466,0.31461258450338014,1.5874585783498005,0.0,8.667013347200555e-05,0.0,0.0,8.667013347200555e-05,0.0,0.0,0.0,0.0,0.0,0.0,0.0,0.999479979199168,0.0005200208008320333,0.0,11538,Malicious,PartOfAHorizontalPortScan
891,192.168.2.3,2018-09-21 10:36:22.965529856,3.230769230769231,1.9230769230769231,216.6153846153846,200.30769230769232,23.211113846153847,0.3076923076923077,0.0,0.0,0.0,0.0,0.0,0.0,0.0,0.0,0.0,0.0,0.0,0.6923076923076923,0.23076923076923078,0.07692307692307693,13,Bening,Benign
763,192.168.1.132,2018-10-25 19:28:37.400158976,1.0,1.0,76.0,76.0,0.017487,0.0,0.0,0.0,0.0,0.0,0.0,0.0,0.0,0.0,0.0,0.0,0.0,0.0,1.0,0.0,1,Bening,Benign
751,192.168.1.132,2018-10-25 17:46:37.400158976,2.5,1.5,117.0,208.5,0.102316,0.0,0.0,0.0,0.0,0.0,0.0,0.0,0.0,0.0,0.0,0.0,0.0,0.5,0.5,0.0,2,Bening,Benign
622,192.168.1.200,2019-03-01 01:57:33.981529856,3.8978822684852834,0.006640344580043073,233.79845656855707,0.3117372577171572,1.4812030290739409,0.0,8.973438621679828e-05,0.0,0.0,0.0,0.0,0.0,0.0,0.0,0.0,0.0,0.0,0.9996410624551328,0.0003589375448671931,0.0,11144,Malicious,PartOfAHorizontalPortScan
85,192.168.1.195,2019-09-20 05:20:41.665906944,2.0,2.0,152.0,152.0,0.008484,0.0,0.0,0.0,0.0,0.0,0.0,0.0,0.0,0.0,0.0,0.0,0.0,0.0,1.0,0.0,1,Bening,Benign
50,192.168.1.195,2019-09-20 03:22:41.665906944,2.0,0.0,152.0,0.0,2e-06,0.0,0.0,0.0,0.0,0.0,0.0,0.0,0.0,0.0,0.0,0.0,0.0,0.0,1.0,0.0,1,Bening,Benign
397,192.168.1.200,2019-02-28 18:27:33.981529856,3.9960920907314588,0.0054370911562314165,239.7927108996687,0.26794664854302946,1.5585467198198966,0.0,8.495454931611588e-05,8.495454931611588e-05,0.0,0.0,0.0,0.0,0.0,0.0,0.0,0.0,0.0,0.9996601818027355,0.00033981819726446353,0.0,11771,Malicious,PartOfAHorizontalPortScan
597,192.168.1.200,2019-03-01 01:07:33.981529856,3.980107115531752,0.0042506163393692085,238.8145881152767,0.19229788319306299,1.544319027458982,0.0,0.0,0.0,0.0,0.0,0.0,0.0,0.0,0.0,0.0,0.0,0.0,0.9997449630196379,0.0002550369803621525,0.0,11763,Malicious,PartOfAHorizontalPortScan
79,192.168.1.195,2019-09-20 05:00:41.665906944,2.0,0.0,152.0,0.0,3e-06,0.0,0.0,0.0,0.0,0.0,0.0,0.0,0.0,0.0,0.0,0.0,0.0,0.0,1.0,0.0,1,Bening,Benign
590,192.168.1.200,2019-03-01 00:53:33.981529856,3.868928988239519,0.002872789298859862,232.14166442230004,0.15961935541790107,1.4601963343208546,0.0,0.0,8.977466558937069e-05,0.0,0.0,0.0,0.0,0.0,0.0,0.0,0.0,0.0,0.9996409013376425,0.00035909866235748274,0.0,11139,Malicious,PartOfAHorizontalPortScan
584,192.168.1.200,2019-03-01 00:41:33.981529856,3.9937101572460687,0.004249893752656183,239.63892902677432,0.20263493412664682,1.556849428474288,0.0,0.0,0.0,0.0,0.0,0.0,0.0,0.0,0.0,0.0,0.0,0.0,0.9994900127496813,0.000509987250318742,0.0,11765,Malicious,PartOfAHorizontalPortScan
534,192.168.1.200,2019-02-28 23:01:33.981529856,3.975582301497965,0.002251277166854273,238.53978699454498,0.11083210667590268,1.5415732246081912,0.0,0.0,0.0,0.0,0.0,0.0,0.0,0.0,0.0,0.0,0.0,0.0,0.9997402372499784,0.0002597627500216469,0.0,11549,Malicious,PartOfAHorizontalPortScan
798,192.168.1.132,2018-10-26 00:30:37.400158976,3.0,2.0,137.0,234.5,0.028979,0.0,0.0,0.0,0.0,0.0,0.0,0.0,0.0,0.0,0.0,0.0,0.0,0.5,0.5,0.0,2,Bening,Benign
782,192.168.1.132,2018-10-25 22:16:37.400158976,2.5,1.5,117.0,208.5,0.068333,0.0,0.0,0.0,0.0,0.0,0.0,0.0,0.0,0.0,0.0,0.0,0.0,0.5,0.5,0.0,2,Bening,Benign
439,192.168.1.200,2019-02-28 19:51:33.981529856,3.9862696301381617,0.0017162962327297692,239.19265425212393,0.09954518149832661,1.55036120955977,0.0,0.0,0.0,0.0,0.0,0.0,0.0,0.0,0.0,0.0,0.0,0.0,0.999485111130181,0.0005148888698189308,0.0,11653,Malicious,PartOfAHorizontalPortScan
525,192.168.1.200,2019-02-28 22:43:33.981529856,3.99162536318578,0.0017091095539224065,239.50846009229193,0.09297555973337891,1.5539372188514784,0.0,0.0,0.0,0.0,0.0,0.0,0.0,0.0,0.0,0.0,0.0,0.0,0.9996581780892155,0.0003418219107844813,0.0,11702,Malicious,PartOfAHorizontalPortScan
457,192.168.1.200,2019-02-28 20:27:33.981529856,3.983132530120482,0.002065404475043029,239.00447504302926,0.11566265060240964,1.5462613372633391,0.0,0.0,0.0,0.0,0.0,0.0,0.0,0.0,0.0,0.0,0.0,0.0,0.9994836488812392,0.0005163511187607573,0.0,11620,Malicious,PartOfAHorizontalPortScan
26,192.168.1.195,2019-09-20 01:54:41.665906944,2.0,2.0,152.0,152.0,0.004247,0.0,0.0,0.0,0.0,0.0,0.0,0.0,0.0,0.0,0.0,0.0,0.0,0.0,1.0,0.0,1,Bening,Benign
69,192.168.1.195,2019-09-20 04:26:41.665906944,2.0,0.0,152.0,0.0,3.5e-06,0.0,0.0,0.0,0.0,0.0,0.0,0.0,0.0,0.0,0.0,0.0,0.0,0.0,1.0,0.0,2,Bening,Benign
125,192.168.1.195,2019-09-20 07:30:41.665906944,2.0,0.0,152.0,0.0,4e-06,0.0,0.0,0.0,0.0,0.0,0.0,0.0,0.0,0.0,0.0,0.0,0.0,0.0,1.0,0.0,1,Bening,Benign
27,192.168.1.195,2019-09-20 02:02:41.665906944,2.0,2.0,152.0,152.0,0.005248,0.0,0.0,0.0,0.0,0.0,0.0,0.0,0.0,0.0,0.0,0.0,0.0,0.0,1.0,0.0,1,Bening,Benign
490,192.168.1.200,2019-02-28 21:33:33.981529856,3.9847380023740886,0.0023740885195862303,239.09513311853485,0.12141767000169577,1.5506081449889775,0.0,0.0,0.0,0.0,0.0,0.0,0.0,0.0,0.0,0.0,0.0,0.0,0.9996608444972019,0.0003391555027980329,0.0,11794,Malicious,PartOfAHorizontalPortScan
671,192.168.1.200,2019-03-01 03:35:33.981529856,3.9796385848816493,0.003223890727072198,238.79188936964454,0.1533893272249088,1.5437613315517094,0.0,0.0,0.0,0.0,0.0,0.0,0.0,0.0,0.0,0.0,0.0,0.0,0.999575803851701,0.0004241961482989734,0.0,11787,Malicious,PartOfAHorizontalPortScan
606,192.168.1.200,2019-03-01 01:25:33.981529856,3.8710315675870133,0.0035974458134724347,232.27340588182392,0.17195790988398238,1.4596111653925712,0.0,0.0,0.0,0.0,0.0,0.0,0.0,0.0,0.0,0.0,0.0,0.0,0.9996402554186528,0.00035974458134724346,0.0,11119,Malicious,PartOfAHorizontalPortScan
501,192.168.1.200,2019-02-28 21:55:33.981529856,3.9791274593669805,0.0030795551753635586,238.75859709153121,0.1498716852010265,1.5469761143712575,0.0,0.0,0.0,0.0,0.0,0.0,0.0,0.0,0.0,0.0,0.0,0.0,0.9996578272027374,0.00034217279726261765,0.0,11690,Malicious,PartOfAHorizontalPortScan
553,192.168.1.200,2019-02-28 23:39:33.981529856,3.993674132330313,0.001538724568302274,239.62318345016243,0.08685245341083946,1.559393789793127,8.548469823901521e-05,0.0,8.548469823901521e-05,0.0,0.0,0.0,0.0,0.0,0.0,0.0,0.0,0.0,0.9996580612070439,0.00034193879295606086,0.0,11698,Malicious,PartOfAHorizontalPortScan
455,192.168.1.200,2019-02-28 20:23:33.981529856,3.9759924547714998,0.0018863071250964588,238.56503472519935,0.10151761982337305,1.5451165600617336,0.0,0.0,0.0,0.0,0.0,0.0,0.0,0.0,0.0,0.0,0.0,0.0,0.9996570350681643,0.0003429649318357198,0.0,11663,Malicious,PartOfAHorizontalPortScan
275,192.168.1.195,2019-09-20 17:36:41.665906944,2.0,2.0,152.0,152.0,0.006751,0.0,0.0,0.0,0.0,0.0,0.0,0.0,0.0,0.0,0.0,0.0,0.0,0.0,1.0,0.0,2,Bening,Benign
736,192.168.1.132,2018-10-25 16:28:37.400158976,1.0,1.0,76.0,76.0,0.109672,0.0,0.0,0.0,0.0,0.0,0.0,0.0,0.0,0.0,0.0,0.0,0.0,0.0,1.0,0.0,1,Bening,Benign
943,192.168.2.3,2018-09-21 12:20:22.965529856,7.0,7.0,2072.6666666666665,2070.3333333333335,15.964196333333334,0.0,0.0,0.6666666666666666,0.0,0.0,0.0,0.0,0.0,0.0,0.0,0.0,0.0,0.6666666666666666,0.3333333333333333,0.0,3,Bening,Benign
668,192.168.1.200,2019-03-01 03:29:33.981529856,3.983063764925057,0.004403421119485138,238.99669743416038,0.20120247269032093,1.5469057907528156,0.0,0.0,8.46811753747142e-05,0.0,0.0,0.0,0.0,0.0,0.0,0.0,0.0,0.0,0.9994919129477517,0.0005080870522482852,0.0,11809,Malicious,PartOfAHorizontalPortScan
527,192.168.1.200,2019-02-28 22:47:33.981529856,3.979611068277221,0.0020560267283474686,238.76021588280648,0.10896941660241583,1.5541402069733572,0.0,0.0,0.0,8.56677803478112e-05,0.0,0.0,0.0,0.0,0.0,0.0,0.0,0.0,0.9996573288786088,0.0003426711213912448,0.0,11673,Malicious,PartOfAHorizontalPortScan
666,192.168.1.200,2019-03-01 03:25:33.981529856,4.101529160739687,0.00302275960170697,246.10028449502133,0.1422475106685633,1.6396456170874822,0.0,0.0,0.0,0.0,0.0,0.0,0.0,0.0,0.0,0.0,0.0,0.0,0.9997332859174964,0.0002667140825035562,0.0,11248,Malicious,PartOfAHorizontalPortScan
911,192.168.2.3,2018-09-21 11:16:22.965529856,2.888888888888889,1.8888888888888888,188.5,200.38888888888889,16.761310611111114,0.2222222222222222,0.0,0.0,0.0,0.0,0.0,0.0,0.0,0.0,0.0,0.0,0.0,0.5555555555555556,0.3888888888888889,0.05555555555555555,18,Bening,Benign
935,192.168.2.3,2018-09-21 12:04:22.965529856,16.0,17.5,1277.75,17879.25,0.47951150000000003,0.0,0.0,0.0,0.0,0.0,0.0,0.0,0.0,0.0,0.0,0.0,0.0,0.5,0.5,0.0,4,Bening,Benign
368,192.168.1.195,2019-09-20 23:20:41.665906944,2.0,2.0,152.0,152.0,0.004483,0.0,0.0,0.0,0.0,0.0,0.0,0.0,0.0,0.0,0.0,0.0,0.0,0.0,1.0,0.0,1,Bening,Benign
841,192.168.1.132,2018-10-26 07:14:37.400158976,1.0,1.0,76.0,76.0,0.109189,0.0,0.0,0.0,0.0,0.0,0.0,0.0,0.0,0.0,0.0,0.0,0.0,0.0,1.0,0.0,1,Bening,Benign
352,192.168.1.195,2019-09-20 22:24:41.665906944,0.0,0.0,0.0,0.0,0.0,0.0,0.0,0.0,0.0,0.0,0.0,0.0,0.0,0.0,0.0,0.0,0.0,1.0,0.0,0.0,1431751,Malicious,DDoS
548,192.168.1.200,2019-02-28 23:29:33.981529856,4.071239640275084,0.001939693175806736,244.28566390407335,0.10298007406101217,1.6149135399400456,0.0,0.0,0.0,0.0,0.0,0.0,0.0,0.0,0.0,0.0,0.0,0.0,0.9996473285134897,0.00035267148651031563,0.0,11342,Malicious,PartOfAHorizontalPortScan
844,192.168.1.132,2018-10-26 07:30:37.400158976,2.5,2.0,117.0,228.5,0.03085,0.0,0.0,0.0,0.0,0.0,0.0,0.0,0.0,0.0,0.0,0.0,0.0,0.5,0.5,0.0,2,Bening,Benign
959,192.168.2.3,2018-09-21 12:52:22.965529856,4.071428571428571,3.4285714285714284,534.1428571428571,675.7857142857143,22.112887142857144,0.0,0.0,0.07142857142857142,0.0,0.0,0.0,0.0,0.0,0.0,0.0,0.0,0.0,0.42857142857142855,0.5,0.07142857142857142,14,Bening,Benign
74,192.168.1.195,2019-09-20 04:44:41.665906944,2.0,0.0,152.0,0.0,2.4999999999999998e-06,0.0,0.0,0.0,0.0,0.0,0.0,0.0,0.0,0.0,0.0,0.0,0.0,0.0,1.0,0.0,2,Bening,Benign
164,192.168.1.195,2019-09-20 09:58:41.665906944,2.0,2.0,152.0,152.0,0.004997,0.0,0.0,0.0,0.0,0.0,0.0,0.0,0.0,0.0,0.0,0.0,0.0,0.0,1.0,0.0,1,Bening,Benign
386,192.168.1.195,2019-09-21 00:20:41.665906944,2.0,2.0,152.0,152.0,0.006331000000000001,0.0,0.0,0.0,0.0,0.0,0.0,0.0,0.0,0.0,0.0,0.0,0.0,0.0,1.0,0.0,3,Bening,Benign
860,192.168.1.132,2018-10-26 09:42:37.400158976,1.0,1.0,76.0,76.0,0.11668,0.0,0.0,0.0,0.0,0.0,0.0,0.0,0.0,0.0,0.0,0.0,0.0,0.0,1.0,0.0,1,Bening,Benign
759,192.168.1.132,2018-10-25 18:46:37.400158976,2.5,1.5,117.0,208.5,0.0998185,0.0,0.0,0.0,0.0,0.0,0.0,0.0,0.0,0.0,0.0,0.0,0.0,0.5,0.5,0.0,2,Bening,Benign
755,192.168.1.132,2018-10-25 18:16:37.400158976,2.3333333333333335,1.6666666666666667,116.66666666666667,181.66666666666666,0.018902,0.0,0.0,0.0,0.0,0.0,0.0,0.0,0.0,0.0,0.0,0.0,0.0,0.3333333333333333,0.6666666666666666,0.0,3,Bening,Benign
51,192.168.1.195,2019-09-20 03:30:41.665906944,2.0,2.0,152.0,152.0,0.005745,0.0,0.0,0.0,0.0,0.0,0.0,0.0,0.0,0.0,0.0,0.0,0.0,0.0,1.0,0.0,1,Bening,Benign
794,192.168.1.132,2018-10-26 00:08:37.400158976,1.0,1.0,76.0,76.0,0.0632115,0.0,0.0,0.0,0.0,0.0,0.0,0.0,0.0,0.0,0.0,0.0,0.0,0.0,1.0,0.0,2,Bening,Benign
198,192.168.1.195,2019-09-20 12:30:41.665906944,2.0,2.0,152.0,152.0,0.005,0.0,0.0,0.0,0.0,0.0,0.0,0.0,0.0,0.0,0.0,0.0,0.0,0.0,1.0,0.0,1,Bening,Benign
786,192.168.1.132,2018-10-25 22:58:37.400158976,1.0,1.0,76.0,76.0,0.016987,0.0,0.0,0.0,0.0,0.0,0.0,0.0,0.0,0.0,0.0,0.0,0.0,0.0,1.0,0.0,1,Bening,Benign
1,192.168.1.195,2019-09-20 00:42:41.665906944,10.0,8.0,1572.0,540.0,1.8749496666666667,0.0,0.0,1.0,0.0,0.0,0.0,0.0,0.0,0.0,0.0,0.0,0.0,1.0,0.0,0.0,3,Malicious,C&C-HeartBeat
150,192.168.1.195,2019-09-20 09:04:41.665906944,2.0,0.0,152.0,0.0,4e-06,0.0,0.0,0.0,0.0,0.0,0.0,0.0,0.0,0.0,0.0,0.0,0.0,0.0,1.0,0.0,1,Bening,Benign
203,192.168.1.195,2019-09-20 12:46:41.665906944,2.0,2.0,152.0,152.0,0.004249,0.0,0.0,0.0,0.0,0.0,0.0,0.0,0.0,0.0,0.0,0.0,0.0,0.0,1.0,0.0,1,Bening,Benign
1013,0.0.0.0,2018-09-21 14:40:22.965529856,10.0,0.0,3280.0,0.0,57.946481,0.0,0.0,0.0,0.0,0.0,0.0,0.0,0.0,0.0,0.0,0.0,0.0,0.0,1.0,0.0,1,Bening,Benign
767,192.168.1.132,2018-10-25 20:00:37.400158976,2.6666666666666665,2.2222222222222223,566.6666666666666,335.0,0.04672277777777778,0.0,0.0,0.0,0.0,0.0,0.0,0.0,0.0,0.0,0.0,0.0,0.0,0.3333333333333333,0.6666666666666666,0.0,9,Bening,Benign
802,192.168.1.132,2018-10-26 01:16:37.400158976,2.5,1.5,117.0,208.5,0.078705,0.0,0.0,0.0,0.0,0.0,0.0,0.0,0.0,0.0,0.0,0.0,0.0,0.5,0.5,0.0,2,Bening,Benign
1003,0.0.0.0,2018-09-21 14:20:22.965529856,10.0,0.0,3280.0,0.0,58.607918,0.0,0.0,0.0,0.0,0.0,0.0,0.0,0.0,0.0,0.0,0.0,0.0,0.0,1.0,0.0,1,Bening,Benign
799,192.168.1.132,2018-10-26 00:42:37.400158976,6.5,6.5,5278.0,377.0,0.1211705,0.0,0.0,0.0,0.0,0.0,0.0,0.0,0.0,0.0,0.0,0.0,0.0,0.5,0.5,0.0,2,Bening,Benign
176,192.168.1.195,2019-09-20 10:52:41.665906944,2.0,2.0,152.0,152.0,0.0052445,0.0,0.0,0.0,0.0,0.0,0.0,0.0,0.0,0.0,0.0,0.0,0.0,0.0,1.0,0.0,2,Bening,Benign
484,192.168.1.200,2019-02-28 21:21:33.981529856,4.076499822506213,0.0019524316648917288,244.60418885339013,0.11004614838480653,1.620593330404686,0.0,0.0,0.0,0.0,0.0,0.0,0.0,0.0,0.0,0.0,0.0,0.0,0.9995562655307064,0.00044373446929357475,0.0,11268,Malicious,PartOfAHorizontalPortScan
658,192.168.1.200,2019-03-01 03:09:33.981529856,4.066355715920092,0.0029921675613834376,243.9926075860248,0.14503212179882075,1.6139821027897563,0.0,0.0,0.0,0.0,0.0,0.0,0.0,0.0,0.0,0.0,0.0,0.0,0.999647980286896,0.00035201971310393383,0.0,11363,Malicious,PartOfAHorizontalPortScan
221,192.168.1.195,2019-09-20 14:06:41.665906944,2.0,0.0,152.0,0.0,2.333333333333333e-06,0.0,0.0,0.0,0.0,0.0,0.0,0.0,0.0,0.0,0.0,0.0,0.0,0.0,1.0,0.0,3,Bening,Benign
181,192.168.1.195,2019-09-20 11:12:41.665906944,2.0,2.0,152.0,152.0,0.007987,0.0,0.0,0.0,0.0,0.0,0.0,0.0,0.0,0.0,0.0,0.0,0.0,0.0,1.0,0.0,1,Bening,Benign
574,192.168.1.200,2019-03-01 00:21:33.981529856,3.9835348597890405,0.002401166280764943,239.02306834748308,0.12074436154703713,1.5475247349283938,0.0,0.0,0.0,0.0,0.0,0.0,0.0,0.0,0.0,0.0,0.0,0.0,0.999656976245605,0.00034302375439499187,0.0,11661,Malicious,PartOfAHorizontalPortScan
370,192.168.1.195,2019-09-20 23:28:41.665906944,2.0,2.0,152.0,152.0,0.006871,0.0,0.0,0.0,0.0,0.0,0.0,0.0,0.0,0.0,0.0,0.0,0.0,0.0,1.0,0.0,2,Bening,Benign
294,192.168.1.195,2019-09-20 18:40:41.665906944,2.0,2.0,152.0,152.0,0.004498,0.0,0.0,0.0,0.0,0.0,0.0,0.0,0.0,0.0,0.0,0.0,0.0,0.0,1.0,0.0,1,Bening,Benign
672,192.168.1.200,2019-03-01 03:37:33.981529856,4.0001730253482135,0.007440089973181071,239.9923868846786,0.41664503849814,1.573067361017389,0.0,8.651267410675664e-05,0.0,8.651267410675664e-05,0.0,0.0,0.0,0.0,0.0,0.0,0.0,0.0,0.9994809239553595,0.0005190760446405398,0.0,11559,Malicious,PartOfAHorizontalPortScan
425,192.168.1.200,2019-02-28 19:23:33.981529856,4.085220181850597,0.00463540738099483,245.11535032982707,0.22535211267605634,1.6706196223925835,0.0,0.0,0.00017828489926903192,0.0,0.0,0.0,0.0,0.0,0.0,0.0,0.0,0.0,0.9993760028525583,0.0006239971474416117,0.0,11218,Malicious,PartOfAHorizontalPortScan
437,192.168.1.200,2019-02-28 19:47:33.981529856,3.886877016851918,0.0035855145213338113,233.2212262459663,0.1828612405880244,1.4878976907493724,0.0,0.0,0.0,0.0,8.963786303334529e-05,0.0,0.0,0.0,0.0,0.0,0.0,0.0,0.9992828970957333,0.0007171029042667623,0.0,11156,Malicious,PartOfAHorizontalPortScan
213,192.168.1.195,2019-09-20 13:32:41.665906944,2.0,2.0,152.0,152.0,0.007870499999999999,0.0,0.0,0.0,0.0,0.0,0.0,0.0,0.0,0.0,0.0,0.0,0.0,0.0,1.0,0.0,2,Bening,Benign
818,192.168.1.132,2018-10-26 03:58:37.400158976,1.0,1.0,76.0,76.0,0.27009,0.0,0.0,0.0,0.0,0.0,0.0,0.0,0.0,0.0,0.0,0.0,0.0,0.0,1.0,0.0,1,Bening,Benign
593,192.168.1.200,2019-03-01 00:59:33.981529856,3.9893980848153214,0.003419972640218878,239.35088919288646,0.16484268125854992,1.57206515996922,0.0,0.0,8.549931600547196e-05,0.0,8.549931600547196e-05,0.0,0.0,0.0,0.0,0.0,0.0,0.0,0.9996580027359782,0.0003419972640218878,0.0,11696,Malicious,PartOfAHorizontalPortScan
216,192.168.1.195,2019-09-20 13:48:41.665906944,2.0,2.0,152.0,152.0,0.006412333333333333,0.0,0.0,0.0,0.0,0.0,0.0,0.0,0.0,0.0,0.0,0.0,0.0,0.0,1.0,0.0,3,Bening,Benign
555,192.168.1.200,2019-02-28 23:43:33.981529856,4.111041461448912,0.001432793050953703,246.67395003134234,0.08310199695531477,1.645471903555118,0.0,0.0,0.0,0.0,0.0,0.0,0.0,0.0,0.0,0.0,0.0,0.0,0.9996418017372616,0.00035819826273842574,0.0,11167,Malicious,PartOfAHorizontalPortScan
651,192.168.1.200,2019-03-01 02:55:33.981529856,4.0052564646036455,0.004069520983467571,240.32895294616364,0.1831284442560407,1.5661763345485376,0.0,0.0,0.0,0.0,0.0,0.0,0.0,0.0,0.0,0.0,0.0,0.0,0.9995760915642221,0.000423908435777872,0.0,11795,Malicious,PartOfAHorizontalPortScan
989,192.168.2.3,2018-09-21 13:52:22.965529856,4.333333333333333,3.6666666666666665,589.4166666666666,742.8333333333334,25.788091666666663,0.0,0.0,0.08333333333333333,0.0,0.0,0.0,0.0,0.0,0.0,0.0,0.0,0.0,0.4166666666666667,0.5,0.08333333333333333,12,Bening,Benign
489,192.168.1.200,2019-02-28 21:31:33.981529856,3.9836065573770494,0.003586065573770492,239.02322404371586,0.1796448087431694,1.5500632564890708,0.0,0.0,0.0,0.0,0.0,0.0,0.0,0.0,0.0,0.0,0.0,0.0,0.9996584699453552,0.00034153005464480874,0.0,11712,Malicious,PartOfAHorizontalPortScan
84,192.168.1.195,2019-09-20 05:18:41.665906944,2.0,2.0,152.0,152.0,0.006371,0.0,0.0,0.0,0.0,0.0,0.0,0.0,0.0,0.0,0.0,0.0,0.0,0.0,1.0,0.0,2,Bening,Benign
319,192.168.1.195,2019-09-20 20:18:41.665906944,2.0,2.0,152.0,152.0,0.007745,0.0,0.0,0.0,0.0,0.0,0.0,0.0,0.0,0.0,0.0,0.0,0.0,0.0,1.0,0.0,1,Bening,Benign
923,0.0.0.0,2018-09-21 11:40:22.965529856,10.0,0.0,3280.0,0.0,58.665859,0.0,0.0,0.0,0.0,0.0,0.0,0.0,0.0,0.0,0.0,0.0,0.0,0.0,1.0,0.0,1,Bening,Benign
519,192.168.1.200,2019-02-28 22:31:33.981529856,3.982706002034588,0.003899626992200746,239.02000678195998,0.21617497456765006,1.5461232271956593,0.0,8.477449983045101e-05,0.0,0.0,0.0,0.0,0.0,0.0,0.0,0.0,0.0,0.0,0.9995761275008478,0.000423872499152255,0.0,11796,Malicious,PartOfAHorizontalPortScan
569,192.168.1.200,2019-03-01 00:11:33.981529856,3.984085329721493,0.0028781850503682383,239.0559553034792,0.1415389824769322,1.5497562683484296,0.0,0.0,0.0,0.0,0.0,0.0,0.0,0.0,0.0,0.0,0.0,0.0,0.9996613899940743,0.0003386100059256751,0.0,11813,Malicious,PartOfAHorizontalPortScan
838,192.168.1.132,2018-10-26 06:46:37.400158976,2.5,1.5,117.0,208.5,0.033229,0.0,0.0,0.0,0.0,0.0,0.0,0.0,0.0,0.0,0.0,0.0,0.0,0.5,0.5,0.0,2,Bening,Benign
190,192.168.1.195,2019-09-20 11:54:41.665906944,2.0,2.0,152.0,152.0,0.004236,0.0,0.0,0.0,0.0,0.0,0.0,0.0,0.0,0.0,0.0,0.0,0.0,0.0,1.0,0.0,1,Bening,Benign
316,192.168.1.195,2019-09-20 20:08:41.665906944,2.0,2.0,152.0,152.0,0.004496,0.0,0.0,0.0,0.0,0.0,0.0,0.0,0.0,0.0,0.0,0.0,0.0,0.0,1.0,0.0,1,Bening,Benign
644,192.168.1.200,2019-03-01 02:41:33.981529856,3.992802673292777,0.009939165452831805,239.52446234255848,0.536543569531317,1.5602455332019534,0.0,0.00017136492160054837,0.0,0.0,0.0,0.0,0.0,0.0,0.0,0.0,0.0,0.0,0.999657270156799,0.00034272984320109673,0.0,11671,Malicious,PartOfAHorizontalPortScan
222,192.168.1.195,2019-09-20 14:08:41.665906944,2.0,0.0,152.0,0.0,3e-06,0.0,0.0,0.0,0.0,0.0,0.0,0.0,0.0,0.0,0.0,0.0,0.0,0.0,1.0,0.0,1,Bening,Benign
771,192.168.1.132,2018-10-25 20:38:37.400158976,1.0,1.0,76.0,76.0,0.01699,0.0,0.0,0.0,0.0,0.0,0.0,0.0,0.0,0.0,0.0,0.0,0.0,0.0,1.0,0.0,1,Bening,Benign
351,192.168.1.195,2019-09-20 22:22:41.665906944,2.3062810411013877e-06,2.3062810411013877e-06,0.00017527735912370546,0.00017527735912370546,8.934532753226775e-09,0.0,0.0,0.0,0.0,0.0,0.0,0.0,0.0,0.0,0.0,0.0,0.0,0.9999988468594795,1.1531405205506939e-06,0.0,867197,Malicious,DDoS
824,192.168.1.132,2018-10-26 04:54:37.400158976,1.0,1.0,76.0,76.0,0.109428,0.0,0.0,0.0,0.0,0.0,0.0,0.0,0.0,0.0,0.0,0.0,0.0,0.0,1.0,0.0,1,Bening,Benign
65,192.168.1.195,2019-09-20 04:10:41.665906944,2.0,0.0,152.0,0.0,4e-06,0.0,0.0,0.0,0.0,0.0,0.0,0.0,0.0,0.0,0.0,0.0,0.0,0.0,1.0,0.0,1,Bening,Benign
996,192.168.2.3,2018-09-21 14:06:22.965529856,7.0,6.0,1503.0,1882.3333333333333,100.044249,0.0,0.0,0.3333333333333333,0.0,0.0,0.0,0.0,0.0,0.0,0.0,0.0,0.0,0.6666666666666666,0.3333333333333333,0.0,3,Bening,Benign
335,192.168.1.195,2019-09-20 21:28:41.665906944,2.0,2.0,152.0,152.0,0.007738,0.0,0.0,0.0,0.0,0.0,0.0,0.0,0.0,0.0,0.0,0.0,0.0,0.0,1.0,0.0,1,Bening,Benign
504,192.168.1.200,2019-02-28 22:01:33.981529856,3.89911190053286,0.0026642984014209592,233.958081705151,0.12788632326820604,1.4822246331261102,0.0,0.0,0.0,0.0,0.0,0.0,0.0,0.0,0.0,0.0,0.0,0.0,0.9996447602131439,0.00035523978685612787,0.0,11260,Malicious,PartOfAHorizontalPortScan
826,192.168.1.132,2018-10-26 05:00:37.400158976,2.75,2.5,593.0,532.0,0.051436875,0.0,0.0,0.0,0.0,0.0,0.0,0.0,0.0,0.0,0.0,0.0,0.0,0.375,0.625,0.0,8,Bening,Benign
592,192.168.1.200,2019-03-01 00:57:33.981529856,3.9998301774645495,0.0028869831026577227,239.97690413517873,0.13382015793495797,1.5718688837564745,0.0,0.0,0.0,8.491126772522713e-05,0.0,0.0,0.0,0.0,0.0,0.0,0.0,0.0,0.9996603549290991,0.00033964507090090854,0.0,11777,Malicious,PartOfAHorizontalPortScan
194,192.168.1.195,2019-09-20 12:12:41.665906944,2.0,2.0,152.0,152.0,0.004247,0.0,0.0,0.0,0.0,0.0,0.0,0.0,0.0,0.0,0.0,0.0,0.0,0.0,1.0,0.0,1,Bening,Benign
797,192.168.1.132,2018-10-26 00:24:37.400158976,1.0,1.0,76.0,76.0,0.272081,0.0,0.0,0.0,0.0,0.0,0.0,0.0,0.0,0.0,0.0,0.0,0.0,0.0,1.0,0.0,1,Bening,Benign
577,192.168.1.200,2019-03-01 00:27:33.981529856,3.9763049450549453,0.0027472527472527475,238.58516483516485,0.1401098901098901,1.5476585134787089,0.0,0.0,0.0,0.0,0.0,0.0,0.0,0.0,0.0,0.0,0.0,0.0,0.9996565934065934,0.00034340659340659343,0.0,11648,Malicious,PartOfAHorizontalPortScan
635,192.168.1.200,2019-03-01 02:23:33.981529856,3.9914148351648353,0.003949175824175824,239.48763736263737,0.18406593406593408,1.556582142857143,0.0,0.0,0.0,0.0,0.0,0.0,0.0,0.0,0.0,0.0,0.0,0.0,0.999742445054945,0.00025755494505494506,0.0,11648,Malicious,PartOfAHorizontalPortScan
565,192.168.1.200,2019-03-01 00:03:33.981529856,3.9887381622728437,0.0023888746693968093,239.33179762818872,0.12080880470949577,1.5519679055541336,0.0,0.0,8.531695247845747e-05,0.0,0.0,0.0,0.0,0.0,0.0,0.0,0.0,0.0,0.9996587321900862,0.0003412678099138299,0.0,11721,Malicious,PartOfAHorizontalPortScan
431,192.168.1.200,2019-02-28 19:35:33.981529856,3.9844524175636424,0.0039296087476507775,239.08354689902615,0.19408850162309926,1.549639591918674,0.0,0.0,0.0,0.0,0.0,0.0,0.0,0.0,0.0,0.0,0.0,0.0,0.9994874423372629,0.0005125576627370579,0.0,11706,Malicious,PartOfAHorizontalPortScan
179,192.168.1.195,2019-09-20 11:02:41.665906944,2.0,2.0,152.0,152.0,0.004496,0.0,0.0,0.0,0.0,0.0,0.0,0.0,0.0,0.0,0.0,0.0,0.0,0.0,1.0,0.0,1,Bening,Benign
801,192.168.1.132,2018-10-26 01:00:37.400158976,2.75,2.5,591.5,532.75,0.049032124999999996,0.0,0.0,0.0,0.0,0.0,0.0,0.0,0.0,0.0,0.0,0.0,0.0,0.375,0.625,0.0,8,Bening,Benign
91,192.168.1.195,2019-09-20 05:38:41.665906944,11174223.333333334,0.0,324052508.0,0.0,2667.250722666667,0.0,0.0,0.0,0.0,0.0,0.0,0.0,0.0,0.0,0.0,0.0,0.0,0.0,1.0,0.0,3,Malicious,DDoS
93,192.168.1.195,2019-09-20 05:44:41.665906944,2.0,0.0,152.0,0.0,3e-06,0.0,0.0,0.0,0.0,0.0,0.0,0.0,0.0,0.0,0.0,0.0,0.0,0.0,1.0,0.0,1,Bening,Benign
580,192.168.1.200,2019-03-01 00:33:33.981529856,4.106513070447496,0.0031900753212228622,246.40212671688082,0.15312361541869737,1.6456359844040762,0.0,0.0,0.0,0.0,0.0,0.0,0.0,0.0,0.0,0.0,0.0,0.0,0.9996455471865308,0.0003544528134692069,0.0,11285,Malicious,PartOfAHorizontalPortScan
423,192.168.1.200,2019-02-28 19:19:33.981529856,3.993673050615595,0.0066689466484268125,239.60841313269495,0.42510259917920656,1.5551332125512995,0.0,8.549931600547196e-05,0.0,0.0,0.0,0.0,0.0,0.0,0.0,0.0,0.0,0.0,0.9994015047879617,0.0005984952120383037,0.0,11696,Malicious,PartOfAHorizontalPortScan
1023,0.0.0.0,2018-09-21 15:02:22.965529856,10.0,0.0,3280.0,0.0,58.433315,0.0,0.0,0.0,0.0,0.0,0.0,0.0,0.0,0.0,0.0,0.0,0.0,0.0,1.0,0.0,1,Bening,Benign
195,192.168.1.195,2019-09-20 12:20:41.665906944,2.0,2.0,152.0,152.0,0.005244,0.0,0.0,0.0,0.0,0.0,0.0,0.0,0.0,0.0,0.0,0.0,0.0,0.0,1.0,0.0,2,Bening,Benign
780,192.168.1.132,2018-10-25 21:54:37.400158976,1.0,1.0,76.0,76.0,0.114172,0.0,0.0,0.0,0.0,0.0,0.0,0.0,0.0,0.0,0.0,0.0,0.0,0.0,1.0,0.0,1,Bening,Benign
982,192.168.2.3,2018-09-21 13:38:22.965529856,3.5454545454545454,2.6363636363636362,249.8181818181818,302.72727272727275,27.793388272727274,0.0,0.0,0.0,0.0,0.0,0.0,0.0,0.0,0.0,0.0,0.0,0.0,0.36363636363636365,0.5454545454545454,0.09090909090909091,11,Bening,Benign
393,192.168.1.200,2019-02-28 18:19:33.981529856,3.958318800139519,0.003139169863969306,237.5158702476456,0.15277293337983955,1.5306485276421342,0.0,0.0,0.0,0.0,0.0,0.0,0.0,0.0,0.0,0.0,0.0,0.0,0.9994768050226718,0.0005231949773282176,0.0,11468,Malicious,PartOfAHorizontalPortScan
32,192.168.1.195,2019-09-20 02:22:41.665906944,2.0,0.0,152.0,0.0,2e-06,0.0,0.0,0.0,0.0,0.0,0.0,0.0,0.0,0.0,0.0,0.0,0.0,0.0,1.0,0.0,1,Bening,Benign
507,192.168.1.200,2019-02-28 22:07:33.981529856,3.990642279880902,0.005444491705657167,239.36809868141216,0.26354742662696723,1.554928836750319,0.0,8.507018290089324e-05,0.0,0.0,0.0,0.0,0.0,0.0,0.0,0.0,0.0,0.0,0.9996597192683965,0.00034028073160357296,0.0,11755,Malicious,PartOfAHorizontalPortScan
156,192.168.1.195,2019-09-20 09:26:41.665906944,12.0,12.0,912.0,912.0,10.007166,0.0,0.0,0.0,0.0,0.0,0.0,0.0,0.0,0.0,0.0,0.0,0.0,0.0,1.0,0.0,2,Bening,Benign
941,0.0.0.0,2018-09-21 12:16:22.965529856,10.0,0.0,3280.0,0.0,58.640176,0.0,0.0,0.0,0.0,0.0,0.0,0.0,0.0,0.0,0.0,0.0,0.0,0.0,1.0,0.0,1,Bening,Benign
675,192.168.1.200,2019-03-01 03:43:33.981529856,3.9862909367859864,0.002030972328002031,239.1882880595752,0.10154861640010154,1.550209615469239,0.0,0.0,0.0,0.0,0.0,0.0,0.0,0.0,0.0,0.0,0.0,0.0,0.9996615046119997,0.0003384953880003385,0.0,11817,Malicious,PartOfAHorizontalPortScan
16,192.168.1.195,2019-09-20 01:20:41.665906944,2.0,2.0,152.0,152.0,0.004496,0.0,0.0,0.0,0.0,0.0,0.0,0.0,0.0,0.0,0.0,0.0,0.0,0.0,1.0,0.0,1,Bening,Benign
576,192.168.1.200,2019-03-01 00:25:33.981529856,3.9957250341997264,0.002051983584131327,239.72708618331055,0.11080711354309165,1.5664091979309167,0.0,0.0,0.0,8.549931600547196e-05,0.0,0.0,0.0,0.0,0.0,0.0,0.0,0.0,0.9996580027359782,0.0003419972640218878,0.0,11696,Malicious,PartOfAHorizontalPortScan
53,192.168.1.195,2019-09-20 03:34:41.665906944,2.0,2.0,152.0,152.0,0.006749,0.0,0.0,0.0,0.0,0.0,0.0,0.0,0.0,0.0,0.0,0.0,0.0,0.0,1.0,0.0,2,Bening,Benign
28,192.168.1.195,2019-09-20 02:06:41.665906944,2.0,2.0,152.0,152.0,0.007161000000000001,0.0,0.0,0.0,0.0,0.0,0.0,0.0,0.0,0.0,0.0,0.0,0.0,0.0,1.0,0.0,3,Bening,Benign
136,192.168.1.195,2019-09-20 08:06:41.665906944,2.0,0.0,152.0,0.0,3e-06,0.0,0.0,0.0,0.0,0.0,0.0,0.0,0.0,0.0,0.0,0.0,0.0,0.0,1.0,0.0,1,Bening,Benign
415,192.168.1.200,2019-02-28 19:03:33.981529856,4.006142820578449,0.0023888746693968093,240.39587065950005,0.13855473082501493,1.5647137708386656,0.0,0.0,0.0,0.0,0.0,0.0,0.0,0.0,0.0,0.0,0.0,0.0,0.9991468304752155,0.0008531695247845747,0.0,11721,Malicious,PartOfAHorizontalPortScan
111,192.168.1.195,2019-09-20 06:42:41.665906944,2.0,0.0,152.0,0.0,3e-06,0.0,0.0,0.0,0.0,0.0,0.0,0.0,0.0,0.0,0.0,0.0,0.0,0.0,1.0,0.0,1,Bening,Benign
166,192.168.1.195,2019-09-20 10:04:41.665906944,2.0,2.0,152.0,152.0,0.007498,0.0,0.0,0.0,0.0,0.0,0.0,0.0,0.0,0.0,0.0,0.0,0.0,0.0,1.0,0.0,1,Bening,Benign
142,192.168.1.195,2019-09-20 08:28:41.665906944,2.0,0.0,152.0,0.0,2e-06,0.0,0.0,0.0,0.0,0.0,0.0,0.0,0.0,0.0,0.0,0.0,0.0,0.0,1.0,0.0,1,Bening,Benign
72,192.168.1.195,2019-09-20 04:40:41.665906944,2.0,0.0,152.0,0.0,4e-06,0.0,0.0,0.0,0.0,0.0,0.0,0.0,0.0,0.0,0.0,0.0,0.0,0.0,1.0,0.0,1,Bening,Benign
92,192.168.1.195,2019-09-20 05:40:41.665906944,2.0,0.0,152.0,0.0,3e-06,0.0,0.0,0.0,0.0,0.0,0.0,0.0,0.0,0.0,0.0,0.0,0.0,0.0,1.0,0.0,1,Bening,Benign
924,192.168.2.3,2018-09-21 11:42:22.965529856,4.846153846153846,4.0,1157.6923076923076,740.0769230769231,46.22549415384616,0.0,0.0,0.0,0.0,0.0,0.0,0.0,0.0,0.0,0.0,0.0,0.0,0.38461538461538464,0.5384615384615384,0.07692307692307693,13,Bening,Benign
1011,192.168.2.3,2018-09-21 14:36:22.965529856,7.666666666666667,6.666666666666667,1623.0,2057.0,100.02189766666667,0.0,0.0,0.3333333333333333,0.0,0.0,0.0,0.0,0.0,0.0,0.0,0.0,0.0,0.6666666666666666,0.3333333333333333,0.0,3,Bening,Benign
912,0.0.0.0,2018-09-21 11:18:22.965529856,10.0,0.0,3280.0,0.0,59.843658,0.0,0.0,0.0,0.0,0.0,0.0,0.0,0.0,0.0,0.0,0.0,0.0,0.0,1.0,0.0,1,Bening,Benign
488,192.168.1.200,2019-02-28 21:29:33.981529856,3.9197875166002656,0.0033643204957945995,235.17379371403277,0.16290393979637008,1.5105805068614435,0.0,0.0,0.0,8.853474988933157e-05,0.0,0.0,0.0,0.0,0.0,0.0,0.0,0.0,0.9996458610004427,0.0003541389995573263,0.0,11295,Malicious,PartOfAHorizontalPortScan
823,192.168.1.132,2018-10-26 04:50:37.400158976,1.0,1.0,76.0,76.0,0.016985,0.0,0.0,0.0,0.0,0.0,0.0,0.0,0.0,0.0,0.0,0.0,0.0,0.0,1.0,0.0,1,Bening,Benign
987,192.168.2.3,2018-09-21 13:48:22.965529856,2.9166666666666665,2.4166666666666665,234.83333333333334,262.25,25.064271750000003,0.0,0.0,0.0,0.0,0.0,0.0,0.0,0.0,0.0,0.0,0.0,0.0,0.3333333333333333,0.5833333333333334,0.08333333333333333,12,Bening,Benign
558,192.168.1.200,2019-02-28 23:49:33.981529856,3.9017959833672475,0.002123330089356808,234.1219145359639,0.1040431743784836,1.4839178177475008,0.0,0.0,0.0,0.0,0.0,0.0,0.0,0.0,0.0,0.0,0.0,0.0,0.9995576395647173,0.0004423604352826683,0.0,11303,Malicious,PartOfAHorizontalPortScan
614,192.168.1.200,2019-03-01 01:41:33.981529856,3.980035833120041,0.005801552768535108,238.86562579984644,0.2812046753689958,1.546679568978756,0.0,8.531695247845747e-05,0.0,0.0,0.0,0.0,0.0,0.0,0.0,0.0,0.0,0.0,0.9996587321900862,0.0003412678099138299,0.0,11721,Malicious,PartOfAHorizontalPortScan
420,192.168.1.200,2019-02-28 19:13:33.981529856,3.930729810920657,0.007068386640749249,236.02968722389116,0.4986746775048595,1.5114686377451847,0.0,8.835483300936562e-05,0.0,0.0,0.0,0.0,0.0,0.0,0.0,0.0,0.0,0.0,0.9994698710019438,0.0005301289980561937,0.0,11318,Malicious,PartOfAHorizontalPortScan
502,192.168.1.200,2019-02-28 21:57:33.981529856,3.97644247183339,0.0025606008876749744,238.600204848071,0.12700580402867873,1.5437689749914645,0.0,0.0,0.0,0.0,0.0,0.0,0.0,0.0,0.0,0.0,0.0,0.0,0.9995732331853875,0.00042676681461249576,0.0,11716,Malicious,PartOfAHorizontalPortScan
631,192.168.1.200,2019-03-01 02:15:33.981529856,3.971852741783232,0.003775851712005492,238.3221488028834,0.17574873423152837,1.53654016176092,0.0,0.0,0.0,0.0,0.0,0.0,0.0,0.0,0.0,0.0,0.0,0.0,0.999656740753454,0.00034325924654595385,0.0,11653,Malicious,PartOfAHorizontalPortScan
384,192.168.1.195,2019-09-21 00:08:41.665906944,2.0,0.0,152.0,0.0,4e-06,0.0,0.0,0.0,0.0,0.0,0.0,0.0,0.0,0.0,0.0,0.0,0.0,0.0,1.0,0.0,1,Bening,Benign
418,192.168.1.200,2019-02-28 19:09:33.981529856,3.9833375839496727,0.002380345150046757,239.02745898155231,0.13193913117402023,1.5465453865510497,0.0,0.0,0.0,0.0,0.0,0.0,0.0,0.0,0.0,0.0,0.0,0.0,0.9991498767321262,0.0008501232678738418,0.0,11763,Malicious,PartOfAHorizontalPortScan
207,192.168.1.195,2019-09-20 13:04:41.665906944,2.0,2.0,152.0,152.0,0.004483,0.0,0.0,0.0,0.0,0.0,0.0,0.0,0.0,0.0,0.0,0.0,0.0,0.0,1.0,0.0,1,Bening,Benign
83,192.168.1.195,2019-09-20 05:16:41.665906944,2.0,2.0,152.0,152.0,0.005247,0.0,0.0,0.0,0.0,0.0,0.0,0.0,0.0,0.0,0.0,0.0,0.0,0.0,1.0,0.0,1,Bening,Benign
223,192.168.1.195,2019-09-20 14:10:41.665906944,2.0,0.0,152.0,0.0,3e-06,0.0,0.0,0.0,0.0,0.0,0.0,0.0,0.0,0.0,0.0,0.0,0.0,0.0,1.0,0.0,1,Bening,Benign
339,192.168.1.195,2019-09-20 21:44:41.665906944,2.0,2.0,152.0,152.0,0.007999,0.0,0.0,0.0,0.0,0.0,0.0,0.0,0.0,0.0,0.0,0.0,0.0,0.0,1.0,0.0,2,Bening,Benign
120,192.168.1.195,2019-09-20 07:12:41.665906944,2.0,2.0,152.0,152.0,0.004488,0.0,0.0,0.0,0.0,0.0,0.0,0.0,0.0,0.0,0.0,0.0,0.0,0.0,1.0,0.0,1,Bening,Benign
952,192.168.2.3,2018-09-21 12:38:22.965529856,3.8,3.1,306.6,333.0,30.1034797,0.0,0.0,0.0,0.0,0.0,0.0,0.0,0.0,0.0,0.0,0.0,0.0,0.4,0.5,0.1,10,Bening,Benign
147,192.168.1.195,2019-09-20 08:50:41.665906944,2.0,0.0,152.0,0.0,2.333333333333333e-06,0.0,0.0,0.0,0.0,0.0,0.0,0.0,0.0,0.0,0.0,0.0,0.0,0.0,1.0,0.0,3,Bening,Benign
536,192.168.1.200,2019-02-28 23:05:33.981529856,3.892382321236076,0.002874595759971254,233.55443765720446,0.14301113905856988,1.476376318630974,0.0,0.0,0.0,0.0,0.0,0.0,0.0,0.0,0.0,0.0,0.0,0.0,0.9996406755300036,0.00035932446999640676,0.0,11132,Malicious,PartOfAHorizontalPortScan
784,192.168.1.132,2018-10-25 22:46:37.400158976,2.5,2.0,117.0,228.5,0.1068165,0.0,0.0,0.0,0.0,0.0,0.0,0.0,0.0,0.0,0.0,0.0,0.0,0.5,0.5,0.0,2,Bening,Benign
48,192.168.1.195,2019-09-20 03:16:41.665906944,2.0,0.0,152.0,0.0,2.6666666666666664e-06,0.0,0.0,0.0,0.0,0.0,0.0,0.0,0.0,0.0,0.0,0.0,0.0,0.0,1.0,0.0,3,Bening,Benign
868,0.0.0.0,2018-09-21 09:50:22.965529856,12.0,0.0,3939.0,0.0,58.447015,0.0,0.0,0.0,0.0,0.0,0.0,0.0,0.0,0.0,0.0,0.0,0.0,0.0,1.0,0.0,1,Bening,Benign
496,192.168.1.200,2019-02-28 21:45:33.981529856,3.9459877870473896,0.001376107336372237,236.77302829620712,0.07981422550958975,1.5186473844499873,0.0,0.0,0.0,0.0,0.0,0.0,0.0,0.0,0.0,0.0,0.0,0.0,0.9995699664573837,0.0004300335426163241,0.0,11627,Malicious,PartOfAHorizontalPortScan
192,192.168.1.195,2019-09-20 12:04:41.665906944,2.0,2.0,152.0,152.0,0.0077475,0.0,0.0,0.0,0.0,0.0,0.0,0.0,0.0,0.0,0.0,0.0,0.0,0.0,1.0,0.0,2,Bening,Benign
842,192.168.1.132,2018-10-26 07:16:37.400158976,2.5,1.5,117.0,208.5,0.06558649999999999,0.0,0.0,0.0,0.0,0.0,0.0,0.0,0.0,0.0,0.0,0.0,0.0,0.5,0.5,0.0,2,Bening,Benign
641,192.168.1.200,2019-03-01 02:35:33.981529856,4.01844350598983,0.011376368180642938,241.02507972076188,0.6491424631560804,1.586670325088339,0.0,0.00017236921485822633,0.0,8.618460742911317e-05,0.0,0.0,0.0,0.0,0.0,0.0,0.0,0.0,0.9997414461777127,0.00025855382228733947,0.0,11603,Malicious,PartOfAHorizontalPortScan
58,192.168.1.195,2019-09-20 03:50:41.665906944,2.0,0.0,152.0,0.0,2e-06,0.0,0.0,0.0,0.0,0.0,0.0,0.0,0.0,0.0,0.0,0.0,0.0,0.0,1.0,0.0,1,Bening,Benign
322,192.168.1.195,2019-09-20 20:34:41.665906944,2.0,0.0,152.0,0.0,4e-06,0.0,0.0,0.0,0.0,0.0,0.0,0.0,0.0,0.0,0.0,0.0,0.0,0.0,1.0,0.0,2,Bening,Benign
760,192.168.1.132,2018-10-25 19:00:37.400158976,2.875,2.625,598.0,536.0,0.066899875,0.0,0.0,0.0,0.0,0.0,0.0,0.0,0.0,0.0,0.0,0.0,0.0,0.375,0.625,0.0,8,Bening,Benign
454,192.168.1.200,2019-02-28 20:21:33.981529856,3.886248331108144,0.0028482421005785494,233.18273253226525,0.13386737872719182,1.4735681343124165,0.0,0.0,8.900756564307967e-05,0.0,0.0,0.0,0.0,0.0,0.0,0.0,0.0,0.0,0.9996439697374276,0.00035603026257231867,0.0,11235,Malicious,PartOfAHorizontalPortScan
199,192.168.1.195,2019-09-20 12:36:41.665906944,2.0,2.0,152.0,152.0,0.005247,0.0,0.0,0.0,0.0,0.0,0.0,0.0,0.0,0.0,0.0,0.0,0.0,0.0,1.0,0.0,1,Bening,Benign
581,192.168.1.200,2019-03-01 00:35:33.981529856,3.9856054191363253,0.004233700254022015,239.14987298899237,0.1937341236240474,1.548755213801863,0.0,0.0,0.0,0.0,0.0,0.0,0.0,0.0,0.0,0.0,0.0,0.0,0.9995766299745978,0.0004233700254022015,0.0,11810,Malicious,PartOfAHorizontalPortScan
515,192.168.1.200,2019-02-28 22:23:33.981529856,3.9892436400887825,0.00375618917534574,239.41642479084857,0.20334642308348985,1.5527687716407717,0.0,8.536793580331228e-05,0.0,0.0,0.0,0.0,0.0,0.0,0.0,0.0,0.0,0.0,0.9995731603209834,0.0004268396790165614,0.0,11714,Malicious,PartOfAHorizontalPortScan
254,192.168.1.195,2019-09-20 16:18:41.665906944,2.0,2.0,152.0,152.0,0.004748,0.0,0.0,0.0,0.0,0.0,0.0,0.0,0.0,0.0,0.0,0.0,0.0,0.0,1.0,0.0,1,Bening,Benign
252,192.168.1.195,2019-09-20 16:10:41.665906944,2.0,2.0,152.0,152.0,0.0066265000000000004,0.0,0.0,0.0,0.0,0.0,0.0,0.0,0.0,0.0,0.0,0.0,0.0,0.0,1.0,0.0,2,Bening,Benign
630,192.168.1.200,2019-03-01 02:13:33.981529856,3.8915803692030617,0.0028815848716794235,233.47032868077443,0.14407924358397117,1.4872793478613238,0.0,9.004952723998198e-05,0.0,9.004952723998198e-05,0.0,0.0,0.0,0.0,0.0,0.0,0.0,0.0,0.9996398018910401,0.00036019810895992794,0.0,11105,Malicious,PartOfAHorizontalPortScan
524,192.168.1.200,2019-02-28 22:41:33.981529856,4.096869146374097,0.0021407546160021407,245.82356614039782,0.1048969761841049,1.6377083726696995,0.0,0.0,0.0,0.0,0.0,0.0,0.0,0.0,0.0,0.0,0.0,0.0,0.9996432075639996,0.0003567924360003568,0.0,11211,Malicious,PartOfAHorizontalPortScan
699,192.168.1.132,2018-10-25 12:56:37.400158976,1.0,1.0,76.0,76.0,0.109436,0.0,0.0,0.0,0.0,0.0,0.0,0.0,0.0,0.0,0.0,0.0,0.0,0.0,1.0,0.0,1,Bening,Benign
493,192.168.1.200,2019-02-28 21:39:33.981529856,3.9885654885654884,0.0022522522522522522,239.3069993069993,0.12196812196812197,1.5687769144144144,0.0,0.0,0.0,0.0,8.662508662508663e-05,0.0,0.0,0.0,0.0,0.0,0.0,0.0,0.9995668745668745,0.0004331254331254331,0.0,11544,Malicious,PartOfAHorizontalPortScan
676,192.168.1.200,2019-03-01 03:45:33.981529856,3.967093545924858,0.002883555254007294,238.04461029598846,0.14587397167331015,1.53479074293953,0.0,0.0,0.0,0.0,0.0,0.0,0.0,0.0,0.0,0.0,0.0,0.0,0.9994063268594691,0.0005936731405309134,0.0,11791,Malicious,PartOfAHorizontalPortScan
124,192.168.1.195,2019-09-20 07:26:41.665906944,2.0,0.0,152.0,0.0,3e-06,0.0,0.0,0.0,0.0,0.0,0.0,0.0,0.0,0.0,0.0,0.0,0.0,0.0,1.0,0.0,1,Bening,Benign
326,192.168.1.195,2019-09-20 20:52:41.665906944,2.0,2.0,152.0,152.0,0.0079945,0.0,0.0,0.0,0.0,0.0,0.0,0.0,0.0,0.0,0.0,0.0,0.0,0.0,1.0,0.0,2,Bening,Benign
615,192.168.1.200,2019-03-01 01:43:33.981529856,3.8793226381461676,0.0074866310160427805,232.67504456327987,0.35258467023172907,1.4659331846702317,0.0,8.9126559714795e-05,0.0,0.0,0.0,0.0,0.0,0.0,0.0,0.0,0.0,0.0,0.9997326203208556,0.00026737967914438503,0.0,11220,Malicious,PartOfAHorizontalPortScan
883,192.168.2.3,2018-09-21 10:20:22.965529856,8.5,7.5,2201.5,2763.5,4.3861645,0.0,0.0,0.0,0.0,0.0,0.0,0.0,0.0,0.0,0.0,0.0,0.0,0.5,0.5,0.0,2,Bening,Benign
960,0.0.0.0,2018-09-21 12:54:22.965529856,10.0,0.0,3280.0,0.0,58.309093,0.0,0.0,0.0,0.0,0.0,0.0,0.0,0.0,0.0,0.0,0.0,0.0,0.0,1.0,0.0,1,Bening,Benign
452,192.168.1.200,2019-02-28 20:17:33.981529856,3.9972574562907095,0.0013712718546451835,239.84916009598902,0.07953376756942064,1.5595124946006171,0.0,0.0,0.0,0.0,0.0,0.0,0.0,0.0,0.0,0.0,0.0,0.0,0.9995714775454234,0.0004285224545766198,0.0,11668,Malicious,PartOfAHorizontalPortScan
134,192.168.1.195,2019-09-20 07:58:41.665906944,2.0,0.0,152.0,0.0,3e-06,0.0,0.0,0.0,0.0,0.0,0.0,0.0,0.0,0.0,0.0,0.0,0.0,0.0,1.0,0.0,2,Bening,Benign
1019,0.0.0.0,2018-09-21 14:54:22.965529856,10.0,0.0,3280.0,0.0,59.711646,0.0,0.0,0.0,0.0,0.0,0.0,0.0,0.0,0.0,0.0,0.0,0.0,0.0,1.0,0.0,1,Bening,Benign
806,192.168.1.132,2018-10-26 01:34:37.400158976,1.0,1.0,76.0,76.0,0.269841,0.0,0.0,0.0,0.0,0.0,0.0,0.0,0.0,0.0,0.0,0.0,0.0,0.0,1.0,0.0,1,Bening,Benign
957,192.168.2.3,2018-09-21 12:48:22.965529856,3.0,2.5384615384615383,227.23076923076923,309.3076923076923,23.138678000000002,0.0,0.0,0.0,0.0,0.0,0.0,0.0,0.0,0.0,0.0,0.0,0.0,0.3076923076923077,0.6153846153846154,0.07692307692307693,13,Bening,Benign
461,192.168.1.200,2019-02-28 20:35:33.981529856,4.000342260631471,0.011636861470009412,239.91238127834345,0.6730555317874561,1.565239799520835,0.0,0.0002566954736031488,0.0,0.0,0.0,0.0,0.0,0.0,0.0,0.0,0.0,0.0,0.9995721742106615,0.0004278257893385813,0.0,11687,Malicious,PartOfAHorizontalPortScan
761,192.168.1.132,2018-10-25 19:16:37.400158976,2.5,1.5,117.0,208.5,0.0262275,0.0,0.0,0.0,0.0,0.0,0.0,0.0,0.0,0.0,0.0,0.0,0.0,0.5,0.5,0.0,2,Bening,Benign
122,192.168.1.195,2019-09-20 07:18:41.665906944,2.0,0.0,152.0,0.0,3e-06,0.0,0.0,0.0,0.0,0.0,0.0,0.0,0.0,0.0,0.0,0.0,0.0,0.0,1.0,0.0,1,Bening,Benign
835,192.168.1.132,2018-10-26 06:18:37.400158976,1.0,0.0,76.0,0.0,0.0,0.0,0.0,0.0,0.0,0.0,0.0,0.0,0.0,0.0,0.0,0.0,0.0,0.0,1.0,0.0,1,Bening,Benign
391,192.168.1.200,2019-02-28 18:15:33.981529856,4.486062246278755,0.3668019846639603,268.02868741542625,212.45809652683806,3.7196320062246273,0.0,0.00018042399639152008,0.00027063599458728013,0.0,0.0,0.0,0.0,0.0,0.0,0.0,0.0,0.0,0.999639152007217,0.00036084799278304015,0.0,11085,Malicious,PartOfAHorizontalPortScan
483,192.168.1.200,2019-02-28 21:19:33.981529856,4.0363605179658695,0.0020581425263699513,242.16173570019723,0.10839550638881743,1.6111998656204443,0.0,0.0,8.575593859874797e-05,0.0,8.575593859874797e-05,0.0,0.0,0.0,0.0,0.0,0.0,0.0,0.999656976245605,0.00034302375439499187,0.0,11661,Malicious,PartOfAHorizontalPortScan
866,0.0.0.0,2018-09-21 09:46:22.965529856,10.0,0.0,3280.0,0.0,60.591687,0.0,0.0,0.0,0.0,0.0,0.0,0.0,0.0,0.0,0.0,0.0,0.0,0.0,1.0,0.0,1,Bening,Benign
546,192.168.1.200,2019-02-28 23:25:33.981529856,3.988261313371895,0.002041510717931269,239.27254168084383,0.10207553589656346,1.5601775292616538,0.0,0.0,0.0,8.506294658046955e-05,0.0,0.0,0.0,0.0,0.0,0.0,0.0,0.0,0.9996597482136781,0.0003402517863218782,0.0,11756,Malicious,PartOfAHorizontalPortScan
902,0.0.0.0,2018-09-21 10:58:22.965529856,10.0,0.0,3280.0,0.0,59.919783,0.0,0.0,0.0,0.0,0.0,0.0,0.0,0.0,0.0,0.0,0.0,0.0,0.0,1.0,0.0,1,Bening,Benign
382,192.168.1.195,2019-09-21 00:04:41.665906944,2.0,0.0,152.0,0.0,4.333333333333334e-06,0.0,0.0,0.0,0.0,0.0,0.0,0.0,0.0,0.0,0.0,0.0,0.0,0.0,1.0,0.0,3,Bening,Benign
732,192.168.1.132,2018-10-25 15:58:37.400158976,1.0,1.0,76.0,76.0,0.0655855,0.0,0.0,0.0,0.0,0.0,0.0,0.0,0.0,0.0,0.0,0.0,0.0,0.0,1.0,0.0,2,Bening,Benign
115,192.168.1.195,2019-09-20 06:54:41.665906944,2.0,2.0,152.0,152.0,0.004496,0.0,0.0,0.0,0.0,0.0,0.0,0.0,0.0,0.0,0.0,0.0,0.0,0.0,1.0,0.0,1,Bening,Benign
459,192.168.1.200,2019-02-28 20:31:33.981529856,4.078970718722272,0.0019520851818988466,244.75244010647737,0.1036379769299024,1.621291347914818,0.0,0.0,0.0,0.0,0.0,0.0,0.0,0.0,0.0,0.0,0.0,0.0,0.9995563442768411,0.00044365572315882877,0.0,11270,Malicious,PartOfAHorizontalPortScan
917,192.168.2.3,2018-09-21 11:28:22.965529856,1.3333333333333333,0.3333333333333333,139.66666666666666,50.0,0.03909166666666667,0.6666666666666666,0.0,0.0,0.0,0.0,0.0,0.0,0.0,0.0,0.0,0.0,0.0,1.0,0.0,0.0,3,Bening,Benign
839,192.168.1.132,2018-10-26 07:00:37.400158976,3.0,2.625,603.0,537.5,0.040972375000000005,0.0,0.0,0.0,0.0,0.0,0.0,0.0,0.0,0.0,0.0,0.0,0.0,0.375,0.625,0.0,8,Bening,Benign
103,192.168.1.195,2019-09-20 06:12:41.665906944,2.0,0.0,152.0,0.0,3e-06,0.0,0.0,0.0,0.0,0.0,0.0,0.0,0.0,0.0,0.0,0.0,0.0,0.0,1.0,0.0,2,Bening,Benign
978,169.254.15.115,2018-09-21 13:30:22.965529856,3.0,0.0,692.0,0.0,3.553259,0.0,0.0,0.0,0.0,0.0,0.0,0.0,0.0,0.0,0.0,0.0,0.0,0.0,1.0,0.0,2,Bening,Benign
228,192.168.1.195,2019-09-20 14:32:41.665906944,2.0,2.0,152.0,152.0,0.00451,0.0,0.0,0.0,0.0,0.0,0.0,0.0,0.0,0.0,0.0,0.0,0.0,0.0,1.0,0.0,1,Bening,Benign
171,192.168.1.195,2019-09-20 10:26:41.665906944,2.0,2.0,152.0,152.0,0.004244,0.0,0.0,0.0,0.0,0.0,0.0,0.0,0.0,0.0,0.0,0.0,0.0,0.0,1.0,0.0,1,Bening,Benign
773,192.168.1.132,2018-10-25 20:46:37.400158976,3.0,2.0,137.0,241.5,0.054717,0.0,0.0,0.0,0.0,0.0,0.0,0.0,0.0,0.0,0.0,0.0,0.0,0.5,0.5,0.0,2,Bening,Benign
777,192.168.1.132,2018-10-25 21:30:37.400158976,3.0,2.0,137.0,234.5,0.0974435,0.0,0.0,0.0,0.0,0.0,0.0,0.0,0.0,0.0,0.0,0.0,0.0,0.5,0.5,0.0,2,Bening,Benign
800,192.168.1.132,2018-10-26 00:46:37.400158976,3.0,2.0,137.0,241.5,0.0301055,0.0,0.0,0.0,0.0,0.0,0.0,0.0,0.0,0.0,0.0,0.0,0.0,0.5,0.5,0.0,2,Bening,Benign
372,192.168.1.195,2019-09-20 23:32:41.665906944,2.0,2.0,152.0,152.0,0.0075,0.0,0.0,0.0,0.0,0.0,0.0,0.0,0.0,0.0,0.0,0.0,0.0,0.0,1.0,0.0,1,Bening,Benign
903,192.168.2.3,2018-09-21 11:00:22.965529856,9.5,8.0,3822.5,2781.5,4.386093,0.0,0.0,0.0,0.0,0.0,0.0,0.0,0.0,0.0,0.0,0.0,0.0,0.5,0.5,0.0,2,Bening,Benign
387,192.168.1.195,2019-09-21 00:22:41.665906944,2.0,2.0,152.0,152.0,0.007749,0.0,0.0,0.0,0.0,0.0,0.0,0.0,0.0,0.0,0.0,0.0,0.0,0.0,1.0,0.0,1,Bening,Benign
87,192.168.1.195,2019-09-20 05:26:41.665906944,3947762.0,1.0,114485145.0,76.0,356.7793495,0.0,0.0,0.0,0.0,0.0,0.0,0.0,0.0,0.0,0.0,0.0,0.0,0.0,1.0,0.0,2,Malicious,-
289,192.168.1.195,2019-09-20 18:22:41.665906944,2.0,2.0,152.0,152.0,0.0045,0.0,0.0,0.0,0.0,0.0,0.0,0.0,0.0,0.0,0.0,0.0,0.0,0.0,1.0,0.0,1,Bening,Benign
981,192.168.2.3,2018-09-21 13:36:22.965529856,7.0,6.666666666666667,1777.3333333333333,2034.0,22.86000633333333,0.0,0.0,0.6666666666666666,0.0,0.0,0.0,0.0,0.0,0.0,0.0,0.0,0.0,0.6666666666666666,0.3333333333333333,0.0,3,Bening,Benign
790,192.168.1.132,2018-10-25 23:16:37.400158976,3.0,2.0,137.0,226.5,0.0316005,0.0,0.0,0.0,0.0,0.0,0.0,0.0,0.0,0.0,0.0,0.0,0.0,0.5,0.5,0.0,2,Bening,Benign
583,192.168.1.200,2019-03-01 00:39:33.981529856,3.88276961218346,0.0033646183814414732,232.97751018239774,0.16008500088542588,1.4692208585974855,0.0,0.0,0.0,0.0,0.0,0.0,0.0,0.0,0.0,0.0,0.0,0.0,0.9996458296440588,0.0003541703559412077,0.0,11294,Malicious,PartOfAHorizontalPortScan
816,192.168.1.132,2018-10-26 03:42:37.400158976,1.0,1.0,76.0,76.0,0.063581,0.0,0.0,0.0,0.0,0.0,0.0,0.0,0.0,0.0,0.0,0.0,0.0,0.0,1.0,0.0,2,Bening,Benign
556,192.168.1.200,2019-02-28 23:45:33.981529856,3.993707482993197,0.002210884353741497,239.63333333333333,0.11292517006802721,1.5585152515306122,0.0,0.0,0.0,0.0,0.0,0.0,0.0,0.0,0.0,0.0,0.0,0.0,0.9996598639455783,0.0003401360544217687,0.0,11760,Malicious,PartOfAHorizontalPortScan
68,192.168.1.195,2019-09-20 04:22:41.665906944,2.0,0.0,152.0,0.0,3e-06,0.0,0.0,0.0,0.0,0.0,0.0,0.0,0.0,0.0,0.0,0.0,0.0,0.0,1.0,0.0,1,Bening,Benign
144,192.168.1.195,2019-09-20 08:36:41.665906944,2.0,0.0,152.0,0.0,4e-06,0.0,0.0,0.0,0.0,0.0,0.0,0.0,0.0,0.0,0.0,0.0,0.0,0.0,1.0,0.0,1,Bening,Benign
494,192.168.1.200,2019-02-28 21:41:33.981529856,3.9989789840891685,0.004254232961796988,239.92138177486598,0.2482770356504722,1.561497314047477,0.0,8.508465923593976e-05,0.0,0.0,0.0,0.0,0.0,0.0,0.0,0.0,0.0,0.0,0.9997447460222921,0.00025525397770781926,0.0,11753,Malicious,PartOfAHorizontalPortScan
884,192.168.2.3,2018-09-21 10:22:22.965529856,3.066666666666667,1.8666666666666667,193.33333333333334,191.2,20.113941399999998,0.3333333333333333,0.0,0.0,0.0,0.0,0.0,0.0,0.0,0.0,0.0,0.0,0.0,0.6666666666666666,0.26666666666666666,0.06666666666666667,15,Bening,Benign
292,192.168.1.195,2019-09-20 18:30:41.665906944,2.0,2.0,152.0,152.0,0.007995,0.0,0.0,0.0,0.0,0.0,0.0,0.0,0.0,0.0,0.0,0.0,0.0,0.0,1.0,0.0,2,Bening,Benign
572,192.168.1.200,2019-03-01 00:17:33.981529856,4.016624816001386,0.005714780500476232,240.95021213957918,0.3084249718590354,1.582597061563772,0.0,0.0,8.658758334054896e-05,8.658758334054896e-05,0.0,0.0,0.0,0.0,0.0,0.0,0.0,0.0,0.9996536496666378,0.00034635033336219586,0.0,11549,Malicious,PartOfAHorizontalPortScan
746,192.168.1.132,2018-10-25 17:16:37.400158976,2.0,1.3333333333333333,103.33333333333333,164.33333333333334,0.10285933333333334,0.0,0.0,0.0,0.0,0.0,0.0,0.0,0.0,0.0,0.0,0.0,0.0,0.3333333333333333,0.6666666666666666,0.0,3,Bening,Benign
233,192.168.1.195,2019-09-20 14:50:41.665906944,2.0,2.0,152.0,152.0,0.004736,0.0,0.0,0.0,0.0,0.0,0.0,0.0,0.0,0.0,0.0,0.0,0.0,0.0,1.0,0.0,1,Bening,Benign
140,192.168.1.195,2019-09-20 08:20:41.665906944,2.0,0.0,152.0,0.0,3e-06,0.0,0.0,0.0,0.0,0.0,0.0,0.0,0.0,0.0,0.0,0.0,0.0,0.0,1.0,0.0,1,Bening,Benign
211,192.168.1.195,2019-09-20 13:22:41.665906944,2.0,2.0,152.0,152.0,0.004753,0.0,0.0,0.0,0.0,0.0,0.0,0.0,0.0,0.0,0.0,0.0,0.0,0.0,1.0,0.0,1,Bening,Benign
995,192.168.2.3,2018-09-21 14:04:22.965529856,14.5,13.5,1300.1666666666667,12869.333333333334,27.065596333333332,0.0,0.0,0.16666666666666666,0.0,0.0,0.0,0.0,0.0,0.0,0.0,0.0,0.0,0.5,0.5,0.0,6,Bening,Benign
89,192.168.1.195,2019-09-20 05:34:41.665906944,2.0,0.0,152.0,0.0,3e-06,0.0,0.0,0.0,0.0,0.0,0.0,0.0,0.0,0.0,0.0,0.0,0.0,0.0,1.0,0.0,1,Bening,Benign
76,192.168.1.195,2019-09-20 04:50:41.665906944,2.0,0.0,152.0,0.0,3e-06,0.0,0.0,0.0,0.0,0.0,0.0,0.0,0.0,0.0,0.0,0.0,0.0,0.0,1.0,0.0,1,Bening,Benign
925,192.168.2.3,2018-09-21 11:44:22.965529856,9.5,8.0,2030.0,3495.5,0.5206905,0.0,0.0,0.0,0.0,0.5,0.0,0.0,0.0,0.0,0.0,0.0,0.0,0.5,0.5,0.0,2,Bening,Benign
60,192.168.1.195,2019-09-20 03:56:41.665906944,2.0,0.0,152.0,0.0,3e-06,0.0,0.0,0.0,0.0,0.0,0.0,0.0,0.0,0.0,0.0,0.0,0.0,0.0,1.0,0.0,1,Bening,Benign
128,192.168.1.195,2019-09-20 07:40:41.665906944,2.0,0.0,152.0,0.0,2.6666666666666664e-06,0.0,0.0,0.0,0.0,0.0,0.0,0.0,0.0,0.0,0.0,0.0,0.0,0.0,1.0,0.0,3,Bening,Benign
347,192.168.1.195,2019-09-20 22:10:41.665906944,2.0,2.0,152.0,152.0,0.004484,0.0,0.0,0.0,0.0,0.0,0.0,0.0,0.0,0.0,0.0,0.0,0.0,0.0,1.0,0.0,1,Bening,Benign
401,192.168.1.200,2019-02-28 18:35:33.981529856,3.9888850889192886,0.003761969904240766,239.3406292749658,0.1771545827633379,1.5526025480506156,0.0,0.0,8.549931600547196e-05,0.0,0.0,0.0,0.0,0.0,0.0,0.0,0.0,0.0,0.9996580027359782,0.0003419972640218878,0.0,11696,Malicious,PartOfAHorizontalPortScan
231,192.168.1.195,2019-09-20 14:42:41.665906944,2.0,2.0,152.0,152.0,0.007732,0.0,0.0,0.0,0.0,0.0,0.0,0.0,0.0,0.0,0.0,0.0,0.0,0.0,1.0,0.0,1,Bening,Benign
920,0.0.0.0,2018-09-21 11:34:22.965529856,10.0,0.0,3280.0,0.0,58.570407,0.0,0.0,0.0,0.0,0.0,0.0,0.0,0.0,0.0,0.0,0.0,0.0,0.0,1.0,0.0,1,Bening,Benign
299,192.168.1.195,2019-09-20 18:58:41.665906944,2.0,2.0,152.0,152.0,0.004736,0.0,0.0,0.0,0.0,0.0,0.0,0.0,0.0,0.0,0.0,0.0,0.0,0.0,1.0,0.0,1,Bening,Benign
955,0.0.0.0,2018-09-21 12:44:22.965529856,10.0,0.0,3280.0,0.0,58.226316,0.0,0.0,0.0,0.0,0.0,0.0,0.0,0.0,0.0,0.0,0.0,0.0,0.0,1.0,0.0,1,Bening,Benign
105,192.168.1.195,2019-09-20 06:20:41.665906944,2.0,0.0,152.0,0.0,2e-06,0.0,0.0,0.0,0.0,0.0,0.0,0.0,0.0,0.0,0.0,0.0,0.0,0.0,1.0,0.0,1,Bening,Benign
611,192.168.1.200,2019-03-01 01:35:33.981529856,4.084020064493013,0.004478681476173415,245.0526692941598,0.20494446434969546,1.6275548273916158,0.0,0.0,0.0,0.0,0.0,0.0,0.0,0.0,0.0,0.0,0.0,0.0,0.9996417054819061,0.00035829451809387314,0.0,11164,Malicious,PartOfAHorizontalPortScan
17,192.168.1.195,2019-09-20 01:26:41.665906944,2.0,2.0,152.0,152.0,0.0055,0.0,0.0,0.0,0.0,0.0,0.0,0.0,0.0,0.0,0.0,0.0,0.0,0.0,1.0,0.0,1,Bening,Benign
41,192.168.1.195,2019-09-20 02:44:41.665906944,2.0,0.0,152.0,0.0,2e-06,0.0,0.0,0.0,0.0,0.0,0.0,0.0,0.0,0.0,0.0,0.0,0.0,0.0,1.0,0.0,1,Bening,Benign
1024,169.254.15.115,2018-09-21 15:04:22.965529856,1.6666666666666667,0.0,171.66666666666666,0.0,1.3381006666666666,0.0,0.0,0.0,0.0,0.0,0.0,0.0,0.0,0.0,0.0,0.0,0.0,0.0,1.0,0.0,3,Bening,Benign
482,192.168.1.200,2019-02-28 21:17:33.981529856,3.9899110807113543,0.0023939808481532147,239.39945280437757,0.11627906976744186,1.5523624476744184,0.0,0.0,8.549931600547196e-05,0.0,0.0,0.0,0.0,0.0,0.0,0.0,0.0,0.0,0.9997435020519836,0.00025649794801641587,0.0,11696,Malicious,PartOfAHorizontalPortScan
390,192.168.1.195,2019-09-21 00:38:41.665906944,2.0,2.0,152.0,152.0,0.006247,0.0,0.0,0.0,0.0,0.0,0.0,0.0,0.0,0.0,0.0,0.0,0.0,0.0,1.0,0.0,3,Bening,Benign
602,192.168.1.200,2019-03-01 01:17:33.981529856,4.0184540389972145,0.004004178272980502,241.1183844011142,0.18523676880222842,1.5762052884749302,0.0,0.0,0.0,0.0,0.0,0.0,0.0,0.0,0.0,0.0,0.0,0.0,0.9996518105849582,0.00034818941504178273,0.0,11488,Malicious,PartOfAHorizontalPortScan
33,192.168.1.195,2019-09-20 02:24:41.665906944,2.0,0.0,152.0,0.0,4e-06,0.0,0.0,0.0,0.0,0.0,0.0,0.0,0.0,0.0,0.0,0.0,0.0,0.0,1.0,0.0,2,Bening,Benign
249,192.168.1.195,2019-09-20 16:02:41.665906944,2.0,2.0,152.0,152.0,0.004735,0.0,0.0,0.0,0.0,0.0,0.0,0.0,0.0,0.0,0.0,0.0,0.0,0.0,1.0,0.0,1,Bening,Benign
585,192.168.1.200,2019-03-01 00:43:33.981529856,3.9981490829547366,0.0031970385327275788,239.8828874305906,0.1474003028773347,1.575154740787481,0.0,0.0,8.413259296651523e-05,0.0,8.413259296651523e-05,0.0,0.0,0.0,0.0,0.0,0.0,0.0,0.9996634696281339,0.0003365303718660609,0.0,11886,Malicious,PartOfAHorizontalPortScan
664,192.168.1.200,2019-03-01 03:21:33.981529856,3.9901742993848255,0.004101161995898838,239.42276144907723,0.20232399179767602,1.5566216931818182,0.0,0.0,0.0,0.0,0.0,0.0,0.0,0.0,0.0,0.0,0.0,0.0,0.9994873547505126,0.0005126452494873548,0.0,11704,Malicious,PartOfAHorizontalPortScan
975,169.254.15.115,2018-09-21 13:24:22.965529856,1.0,0.0,103.0,0.0,0.0,0.0,0.0,0.0,0.0,0.0,0.0,0.0,0.0,0.0,0.0,0.0,0.0,0.0,1.0,0.0,2,Bening,Benign
599,192.168.1.200,2019-03-01 01:11:33.981529856,3.998305946129087,0.0032187023547348807,239.90310011858378,0.14907674064035237,1.558514248771811,0.0,0.0,8.470269354565475e-05,0.0,0.0,0.0,0.0,0.0,0.0,0.0,0.0,0.0,0.999745891919363,0.00025410808063696424,0.0,11806,Malicious,PartOfAHorizontalPortScan
336,192.168.1.195,2019-09-20 21:36:41.665906944,2.0,2.0,152.0,152.0,0.0045,0.0,0.0,0.0,0.0,0.0,0.0,0.0,0.0,0.0,0.0,0.0,0.0,0.0,1.0,0.0,1,Bening,Benign
284,192.168.1.195,2019-09-20 18:04:41.665906944,2.0,0.0,152.0,0.0,2e-06,0.0,0.0,0.0,0.0,0.0,0.0,0.0,0.0,0.0,0.0,0.0,0.0,0.0,1.0,0.0,1,Bening,Benign
770,192.168.1.132,2018-10-25 20:34:37.400158976,1.0,1.0,76.0,76.0,0.109427,0.0,0.0,0.0,0.0,0.0,0.0,0.0,0.0,0.0,0.0,0.0,0.0,0.0,1.0,0.0,1,Bening,Benign
741,192.168.1.132,2018-10-25 16:46:37.400158976,3.0,2.0,137.0,241.5,0.055342,0.0,0.0,0.0,0.0,0.0,0.0,0.0,0.0,0.0,0.0,0.0,0.0,0.5,0.5,0.0,2,Bening,Benign
999,192.168.2.3,2018-09-21 14:12:22.965529856,3.3636363636363638,2.8181818181818183,256.90909090909093,348.09090909090907,27.33825609090909,0.0,0.0,0.0,0.0,0.0,0.0,0.0,0.0,0.0,0.0,0.0,0.0,0.36363636363636365,0.5454545454545454,0.09090909090909091,11,Bening,Benign
834,192.168.1.132,2018-10-26 06:16:37.400158976,2.5,2.0,117.0,228.5,0.0339825,0.0,0.0,0.0,0.0,0.0,0.0,0.0,0.0,0.0,0.0,0.0,0.0,0.5,0.5,0.0,2,Bening,Benign
873,192.168.2.3,2018-09-21 10:00:22.965529856,6.8,4.8,2989.6,1266.2,60.076710000000006,0.0,0.0,0.6,0.0,0.0,0.0,0.0,0.0,0.0,0.0,0.0,0.0,0.8,0.2,0.0,5,Bening,Benign
909,192.168.2.3,2018-09-21 11:12:22.965529856,3.736842105263158,2.736842105263158,471.36842105263156,504.5263157894737,17.35138994736842,0.2631578947368421,0.0,0.05263157894736842,0.0,0.0,0.0,0.0,0.0,0.0,0.0,0.0,0.0,0.631578947368421,0.3157894736842105,0.05263157894736842,19,Bening,Benign
492,192.168.1.200,2019-02-28 21:37:33.981529856,4.0166520595968445,0.005784399649430325,240.98106923751095,0.305170902716915,1.5757741262927258,0.0,8.764241893076249e-05,0.0,0.0,0.0,0.0,0.0,0.0,0.0,0.0,0.0,0.0,0.9997370727432077,0.00026292725679228745,0.0,11410,Malicious,PartOfAHorizontalPortScan
200,192.168.1.195,2019-09-20 12:38:41.665906944,2.0,2.0,152.0,152.0,0.0068705,0.0,0.0,0.0,0.0,0.0,0.0,0.0,0.0,0.0,0.0,0.0,0.0,0.0,1.0,0.0,2,Bening,Benign
680,192.168.1.200,2019-03-01 03:53:33.981529856,3.9881687242798356,0.0030864197530864196,239.30384087791495,0.15432098765432098,1.5507025091735254,0.0,0.0,0.0,0.0,0.0,0.0,0.0,0.0,0.0,0.0,0.0,0.0,0.9995713305898491,0.0004286694101508916,0.0,11664,Malicious,PartOfAHorizontalPortScan
976,0.0.0.0,2018-09-21 13:26:22.965529856,10.0,0.0,3280.0,0.0,58.020596,0.0,0.0,0.0,0.0,0.0,0.0,0.0,0.0,0.0,0.0,0.0,0.0,0.0,1.0,0.0,1,Bening,Benign
828,192.168.1.132,2018-10-26 05:16:37.400158976,3.0,2.0,137.0,226.5,0.063218,0.0,0.0,0.0,0.0,0.0,0.0,0.0,0.0,0.0,0.0,0.0,0.0,0.5,0.5,0.0,2,Bening,Benign
265,192.168.1.195,2019-09-20 17:00:41.665906944,2.0,2.0,152.0,152.0,0.0067485,0.0,0.0,0.0,0.0,0.0,0.0,0.0,0.0,0.0,0.0,0.0,0.0,0.0,1.0,0.0,2,Bening,Benign
468,192.168.1.200,2019-02-28 20:49:33.981529856,4.0737523269213725,0.004786809679992909,244.48240404219484,0.2487368141122241,1.6196513487279498,0.0,8.864462370357238e-05,0.0,0.0,0.0,0.0,0.0,0.0,0.0,0.0,0.0,0.0,0.9997340661288893,0.00026593387111071713,0.0,11281,Malicious,PartOfAHorizontalPortScan
13,192.168.1.195,2019-09-20 01:12:41.665906944,2.0,8.0,152.0,608.0,0.006515,0.0,0.0,0.0,0.0,0.0,0.0,0.0,0.0,0.0,0.0,0.0,0.0,0.0,1.0,0.0,2,Bening,Benign
262,192.168.1.195,2019-09-20 16:46:41.665906944,2.0,2.0,152.0,152.0,0.007746,0.0,0.0,0.0,0.0,0.0,0.0,0.0,0.0,0.0,0.0,0.0,0.0,0.0,1.0,0.0,1,Bening,Benign
533,192.168.1.200,2019-02-28 22:59:33.981529856,3.995027008488382,0.003086684386521478,239.6782988939381,0.15159049987138815,1.5715808119694763,0.0,0.0,8.574123295892996e-05,0.0,8.574123295892996e-05,0.0,0.0,0.0,0.0,0.0,0.0,0.0,0.9996570350681643,0.0003429649318357198,0.0,11663,Malicious,PartOfAHorizontalPortScan
717,192.168.1.132,2018-10-25 14:22:37.400158976,1.0,1.0,76.0,76.0,0.269861,0.0,0.0,0.0,0.0,0.0,0.0,0.0,0.0,0.0,0.0,0.0,0.0,0.0,1.0,0.0,1,Bening,Benign
469,192.168.1.200,2019-02-28 20:51:33.981529856,4.000170648464164,0.005972696245733789,240.20597269624574,0.3583617747440273,1.5643659060580204,0.0,0.0,8.532423208191126e-05,0.0,0.0,0.0,0.0,0.0,0.0,0.0,0.0,0.0,0.9995733788395904,0.0004266211604095563,0.0,11720,Malicious,PartOfAHorizontalPortScan
98,192.168.1.195,2019-09-20 05:58:41.665906944,2.0,0.0,152.0,0.0,3e-06,0.0,0.0,0.0,0.0,0.0,0.0,0.0,0.0,0.0,0.0,0.0,0.0,0.0,1.0,0.0,1,Bening,Benign
366,192.168.1.195,2019-09-20 23:12:41.665906944,2.0,2.0,152.0,152.0,0.007743,0.0,0.0,0.0,0.0,0.0,0.0,0.0,0.0,0.0,0.0,0.0,0.0,0.0,1.0,0.0,1,Bening,Benign
90,192.168.1.195,2019-09-20 05:36:41.665906944,2.0,0.0,152.0,0.0,4e-06,0.0,0.0,0.0,0.0,0.0,0.0,0.0,0.0,0.0,0.0,0.0,0.0,0.0,1.0,0.0,1,Bening,Benign
747,192.168.1.132,2018-10-25 17:30:37.400158976,3.0,2.0,137.0,234.5,0.0619625,0.0,0.0,0.0,0.0,0.0,0.0,0.0,0.0,0.0,0.0,0.0,0.0,0.5,0.5,0.0,2,Bening,Benign
768,192.168.1.132,2018-10-25 20:16:37.400158976,2.5,1.5,117.0,215.5,0.02286,0.0,0.0,0.0,0.0,0.0,0.0,0.0,0.0,0.0,0.0,0.0,0.0,0.5,0.5,0.0,2,Bening,Benign
708,192.168.1.132,2018-10-25 13:34:37.400158976,1.0,1.0,76.0,76.0,0.116179,0.0,0.0,0.0,0.0,0.0,0.0,0.0,0.0,0.0,0.0,0.0,0.0,0.0,1.0,0.0,1,Bening,Benign
940,0.0.0.0,2018-09-21 12:14:22.965529856,10.0,0.0,3280.0,0.0,60.485807,0.0,0.0,0.0,0.0,0.0,0.0,0.0,0.0,0.0,0.0,0.0,0.0,0.0,1.0,0.0,1,Bening,Benign
14,192.168.1.195,2019-09-20 01:14:41.665906944,2.0,2.0,152.0,152.0,0.008246,0.0,0.0,0.0,0.0,0.0,0.0,0.0,0.0,0.0,0.0,0.0,0.0,0.0,1.0,0.0,1,Bening,Benign
168,192.168.1.195,2019-09-20 10:16:41.665906944,2.0,2.0,152.0,152.0,0.005236,0.0,0.0,0.0,0.0,0.0,0.0,0.0,0.0,0.0,0.0,0.0,0.0,0.0,1.0,0.0,1,Bening,Benign
970,0.0.0.0,2018-09-21 13:14:22.965529856,10.0,0.0,3280.0,0.0,59.690766,0.0,0.0,0.0,0.0,0.0,0.0,0.0,0.0,0.0,0.0,0.0,0.0,0.0,1.0,0.0,1,Bening,Benign
29,192.168.1.195,2019-09-20 02:10:41.665906944,2.0,2.0,152.0,152.0,0.007746,0.0,0.0,0.0,0.0,0.0,0.0,0.0,0.0,0.0,0.0,0.0,0.0,0.0,1.0,0.0,1,Bening,Benign
152,192.168.1.195,2019-09-20 09:12:41.665906944,2.0,0.0,152.0,0.0,4e-06,0.0,0.0,0.0,0.0,0.0,0.0,0.0,0.0,0.0,0.0,0.0,0.0,0.0,1.0,0.0,1,Bening,Benign
963,0.0.0.0,2018-09-21 13:00:22.965529856,10.0,0.0,3280.0,0.0,59.221614,0.0,0.0,0.0,0.0,0.0,0.0,0.0,0.0,0.0,0.0,0.0,0.0,0.0,1.0,0.0,1,Bening,Benign
440,192.168.1.200,2019-02-28 19:53:33.981529856,3.993990900506481,0.0036054596961112542,239.65868314876815,0.17924285346381663,1.5569568174092197,0.0,0.0,0.0,0.0,0.0,0.0,0.0,0.0,0.0,0.0,0.0,0.0,0.9993990900506481,0.0006009099493518757,0.0,11649,Malicious,PartOfAHorizontalPortScan
